,Unnamed: 0,away,betting.opportunity,bookie,day,home,month,predicted.bookie.rank,predicted.run.rank,predicted.runs,the.bet
0,3,CWS,3.5,9.0,18,DET,4,1.5,5.0,10.223600489358152,OVER
1,2,PHI,3.0,11.0,18,COL,4,5.0,2.0,9.822722662921654,UNDER
2,4,LAD,2.0,9.5,18,MIL,4,3.0,1.0,9.20843374014229,UNDER
3,6,KC,1.5,9.0,18,NYY,4,1.5,3.0,10.060653036219225,OVER
4,5,SEA,0.0,10.0,18,LAA,4,4.0,4.0,10.159888129090225,OVER
0,2,HOU,4.5,9.0,17,OAK,4,8.5,4.0,9.507183487245962,UNDER
1,11,TOR,4.0,8.5,17,MIN,4,5.0,9.0,10.622303048948488,OVER
2,8,PIT,3.0,8.5,17,DET,4,5.0,2.0,9.038618636544829,UNDER
3,3,NYM,2.0,8.5,17,PHI,4,5.0,7.0,10.203253467075873,OVER
4,7,CIN,1.5,8.0,17,LAD,4,1.5,3.0,9.50688182015781,OVER
5,12,SF,1.0,8.5,17,WSH,4,5.0,6.0,10.201472455857989,OVER
6,9,ARI,0.5,9.0,17,ATL,4,8.5,8.0,10.291000514735078,UNDER
7,13,CHC,0.5,8.0,17,MIA,4,1.5,1.0,8.884815554939653,UNDER
8,1,LAA,0.0,10.5,17,TEX,4,10.0,10.0,10.834049226151912,OVER
9,4,KC,0.0,8.5,17,CWS,4,5.0,5.0,10.080844639221427,OVER
0,6,ATL,6.0,9.0,12,ARI,5,9.0,3.0,9.120823655820328,UNDER
1,10,CWS,6.0,8.5,12,TOR,5,7.0,1.0,9.057892042029794,UNDER
2,11,LAA,6.0,8.0,12,BAL,5,5.0,11.0,10.4074025920095,OVER
3,13,DET,3.0,8.5,12,MIN,5,7.0,10.0,10.267110152332107,OVER
4,2,MIL,2.5,7.5,12,CHC,5,3.5,6.0,9.775255782122306,OVER
5,7,NYY,2.5,7.0,12,TB,5,1.5,4.0,9.266050812939444,OVER
6,9,SD,2.0,12.0,12,COL,5,11.0,9.0,10.102274358099825,UNDER
7,12,SEA,2.0,10.0,12,BOS,5,10.0,8.0,9.924389951571351,UNDER
8,5,WSH,1.5,7.5,12,LAD,5,3.5,5.0,9.564479121065796,OVER
9,1,CIN,0.5,7.0,12,SF,5,1.5,2.0,9.076455707566756,OVER
10,14,PIT,0.0,8.5,12,STL,5,7.0,7.0,9.90559153155985,OVER
0,1,TB,1.5,8.0,2,KC,5,2.5,4.0,9.598783745782072,OVER
1,3,STL,1.0,9.0,2,WSH,5,6.0,7.0,10.513345079751002,OVER
2,4,COL,1.0,8.5,2,MIL,5,4.0,3.0,9.37860212180058,UNDER
3,5,TOR,1.0,9.0,2,LAA,5,6.0,5.0,9.862343760766176,UNDER
4,6,HOU,0.5,8.0,2,MIN,5,2.5,2.0,9.346636706186077,UNDER
5,0,BOS,0.0,9.0,2,CWS,5,6.0,6.0,10.376143772390932,OVER
6,2,CIN,0.0,7.5,2,NYM,5,1.0,1.0,9.27171979664083,OVER
0,10,OAK,3.0,9.5,6,HOU,4,4.0,1.0,8.736279788602204,UNDER
1,2,SEA,1.0,9.0,6,CWS,4,3.0,4.0,10.299762969467354,OVER
2,12,MIA,1.0,8.5,6,ATL,4,2.0,3.0,10.073708483252874,OVER
3,13,TOR,1.0,8.0,6,CLE,4,1.0,2.0,9.865664377041297,OVER
0,7,SEA,8.0,9.5,19,LAA,4,10.0,2.0,8.999341073821446,UNDER
1,2,LAD,7.0,9.5,19,MIL,4,10.0,3.0,9.530137903118431,UNDER
2,10,SF,6.5,7.0,19,PIT,4,1.5,8.0,9.897171024541915,OVER
3,3,ATL,5.5,7.5,19,CLE,4,3.5,9.0,9.918687205798943,OVER
4,6,ARI,4.5,7.0,19,CHC,4,1.5,6.0,9.876249814920467,OVER
5,5,CWS,4.0,8.5,19,DET,4,7.0,11.0,10.045515766336916,OVER
6,1,NYM,3.0,9.0,19,STL,4,8.0,5.0,9.872729943980435,UNDER
7,4,WSH,2.5,7.5,19,MIA,4,3.5,1.0,8.95159819562025,UNDER
8,12,CIN,1.5,8.0,19,SD,4,5.5,7.0,9.896816629073227,OVER
9,14,TOR,1.5,8.0,19,OAK,4,5.5,4.0,9.627203014417844,UNDER
10,11,HOU,0.0,9.5,19,TEX,4,10.0,10.0,9.941575217992076,OVER
0,8,MIN,6.0,9.5,16,SEA,5,7.0,1.0,9.128092841517569,UNDER
1,4,BAL,5.0,9.0,16,CLE,5,5.0,10.0,10.777001165111884,OVER
2,7,CHC,5.0,8.0,16,CIN,5,2.0,7.0,10.129989945408107,OVER
3,2,STL,4.5,10.0,16,ATL,5,8.5,4.0,9.932246700474707,UNDER
4,0,OAK,3.0,8.5,16,DET,5,3.0,6.0,10.129748188001779,OVER
5,5,MIL,3.0,9.0,16,PHI,5,5.0,2.0,9.218263057652347,UNDER
6,3,PIT,2.0,7.5,16,SD,5,1.0,3.0,9.787535388482414,OVER
7,6,TEX,2.0,10.5,16,KC,5,10.0,8.0,10.2939988594306,UNDER
8,1,TOR,0.5,10.0,16,CWS,5,8.5,9.0,10.300494930079175,OVER
9,9,NYM,0.0,9.0,16,WSH,5,5.0,5.0,10.127420423437815,OVER
0,10,KC,12.5,9.5,8,HOU,5,14.5,2.0,8.912935179528024,UNDER
1,5,MIA,11.5,8.0,8,CHC,5,3.5,15.0,10.566692050696213,OVER
2,13,MIN,9.0,9.0,8,TOR,5,12.0,3.0,9.141997780384967,UNDER
3,1,LAA,5.5,8.0,8,DET,5,3.5,9.0,9.662190262282529,OVER
4,12,BOS,5.0,8.5,8,BAL,5,8.0,13.0,10.175363184916408,OVER
5,7,ATL,4.5,8.0,8,LAD,5,3.5,8.0,9.644332798301948,OVER
6,4,PHI,4.0,8.5,8,STL,5,8.0,4.0,9.20134635528968,UNDER
7,14,CWS,4.0,8.5,8,CLE,5,8.0,12.0,10.004332015162248,OVER
8,9,NYM,3.5,8.0,8,SD,5,3.5,7.0,9.606009143913854,OVER
9,2,WSH,3.0,8.5,8,MIL,5,8.0,5.0,9.32130450567494,UNDER
10,0,CIN,2.0,8.5,8,OAK,5,8.0,6.0,9.485039875458348,UNDER
11,11,TEX,2.0,9.0,8,PIT,5,12.0,10.0,9.757959647027,UNDER
12,6,SEA,1.0,9.0,8,NYY,5,12.0,11.0,9.86040907443526,UNDER
13,8,SF,0.5,9.5,8,COL,5,14.5,14.0,10.34499257126944,UNDER
14,3,ARI,0.0,7.5,8,TB,5,1.0,1.0,8.732352393757054,OVER
0,4,MIA,2.0,8.5,11,CIN,4,1.0,3.0,10.38945989927299,OVER
1,0,PIT,1.0,9.0,11,CHC,4,2.0,1.0,9.580035685842828,UNDER
2,7,SEA,1.0,10.0,11,KC,4,3.0,2.0,10.277944500432527,UNDER
0,2,TEX,4.0,9.0,9,HOU,5,5.0,1.0,8.545838226224326,UNDER
1,9,CIN,3.0,8.5,9,OAK,5,2.0,5.0,9.849245036109071,OVER
2,1,CWS,1.0,9.0,9,CLE,5,5.0,6.0,9.881350619622005,OVER
3,5,SEA,1.0,9.0,9,NYY,5,5.0,4.0,9.792417699099767,UNDER
4,8,PIT,1.0,8.5,9,STL,5,2.0,3.0,9.760470899450473,OVER
5,0,MIA,0.0,10.0,9,CHC,5,8.0,8.0,10.4298573035013,OVER
6,6,ATL,0.0,8.5,9,ARI,5,2.0,2.0,8.681398045928823,OVER
7,7,SF,0.0,9.5,9,COL,5,7.0,7.0,10.389799359037278,OVER
0,0,HOU,10.0,10.0,15,DET,5,13.0,3.0,9.11092380376883,UNDER
1,12,NYM,9.0,8.0,15,WSH,5,4.0,13.0,10.368033460439024,OVER
2,3,SD,5.0,7.5,15,LAD,5,2.0,7.0,9.796873595489325,OVER
3,11,MIL,4.5,9.0,15,PHI,5,6.5,2.0,8.94321957801538,UNDER
4,13,LAA,4.5,9.5,15,MIN,5,10.5,6.0,9.736308278446957,UNDER
5,1,CHC,3.5,9.0,15,CIN,5,6.5,10.0,10.044495028450708,OVER
6,10,PIT,2.0,7.5,15,ARI,5,2.0,4.0,9.488234123119431,OVER
7,2,BAL,1.5,9.0,15,NYY,5,6.5,8.0,9.869868741276123,OVER
8,6,BAL,1.5,9.5,15,NYY,5,10.5,9.0,10.04235146129856,UNDER
9,8,TEX,1.5,9.5,15,KC,5,10.5,12.0,10.240077780390124,OVER
10,9,COL,1.5,9.0,15,BOS,5,6.5,5.0,9.723487652219598,UNDER
11,7,TB,1.0,7.5,15,MIA,5,2.0,1.0,8.702600807644027,UNDER
12,4,STL,0.5,9.5,15,ATL,5,10.5,11.0,10.128818403243812,OVER
0,3,CWS,2.5,6.5,3,CLE,4,1.5,4.0,10.341460125310801,OVER
1,4,CHC,1.5,9.0,3,ATL,4,4.5,3.0,10.214681047296434,UNDER
2,9,STL,1.0,7.5,3,PIT,4,3.0,2.0,9.913468988022382,UNDER
3,2,COL,0.5,6.5,3,TB,4,1.5,1.0,8.900274407748114,UNDER
4,10,HOU,0.5,9.0,3,TEX,4,4.5,5.0,10.71241117946292,OVER
0,2,MIN,5.5,9.5,18,SEA,5,7.5,2.0,9.141239264344149,UNDER
1,4,KC,5.5,9.0,18,LAA,5,5.5,11.0,10.187939629435325,OVER
2,11,OAK,3.5,9.0,18,DET,5,5.5,9.0,9.915035229552087,OVER
3,8,HOU,3.0,10.5,18,BOS,5,11.0,8.0,9.86281449669217,UNDER
4,14,TB,3.0,8.5,18,NYY,5,3.0,6.0,9.810545832571133,OVER
5,1,MIL,2.5,9.5,18,ATL,5,7.5,5.0,9.584084451689698,UNDER
6,9,LAD,2.5,10.0,18,CIN,5,9.5,7.0,9.840187032242973,UNDER
7,6,CHC,1.0,8.5,18,WSH,5,3.0,4.0,9.380268629231988,OVER
8,5,COL,0.5,10.0,18,PHI,5,9.5,10.0,10.143997576384148,OVER
9,0,SF,0.0,8.5,18,ARI,5,3.0,3.0,9.30919352534835,OVER
10,10,NYM,0.0,7.5,18,MIA,5,1.0,1.0,8.230627490505688,OVER
11,13,STL,0.0,12.5,18,TEX,5,12.0,12.0,10.958918062887216,OVER
0,1,CWS,3.0,9.0,20,HOU,5,5.0,2.0,8.547763406847437,UNDER
1,8,OAK,3.0,8.0,20,CLE,5,2.0,5.0,10.415877203658631,OVER
2,4,PHI,2.5,8.5,20,CHC,5,3.5,6.0,10.467635954602097,OVER
3,9,WSH,2.5,8.5,20,NYM,5,3.5,1.0,8.113002146564227,UNDER
4,5,NYY,2.0,9.5,20,BAL,5,6.0,4.0,10.054265408725497,UNDER
5,6,ARI,2.0,6.5,20,SD,5,1.0,3.0,9.56583679265156,OVER
6,2,SEA,0.0,11.0,20,TEX,5,7.0,7.0,10.492747720683855,OVER
0,12,CHC,7.5,9.0,1,SEA,5,11.5,4.0,9.496805719512825,UNDER
1,1,STL,6.5,7.5,1,WSH,5,4.5,11.0,10.134991646047137,OVER
2,8,DET,5.5,8.0,1,PHI,5,6.5,12.0,10.319923936471584,OVER
3,2,COL,4.5,9.0,1,MIL,5,11.5,7.0,9.630700327178443,UNDER
4,0,HOU,2.5,9.0,1,MIN,5,11.5,9.0,9.995372533294557,UNDER
5,3,BAL,1.5,9.0,1,CWS,5,11.5,13.0,10.425112679771377,OVER
6,9,TB,1.5,8.5,1,KC,5,8.5,10.0,10.100526384761354,OVER
7,10,BAL,0.5,8.5,1,CWS,5,8.5,8.0,9.886334752452726,UNDER
8,13,CIN,0.5,6.5,1,NYM,5,1.5,2.0,9.137678170690496,OVER
9,14,NYY,0.5,7.5,1,ARI,5,4.5,5.0,9.580605929876329,OVER
10,15,TOR,0.5,8.0,1,LAA,5,6.5,6.0,9.611138509331859,UNDER
11,16,CLE,0.5,6.5,1,MIA,5,1.5,1.0,8.908074931645038,UNDER
12,6,PIT,0.0,10.5,1,TEX,5,15.0,15.0,11.099719347221859,OVER
13,7,LAD,0.0,7.0,1,SF,5,3.0,3.0,9.167088384544924,OVER
14,11,OAK,0.0,9.5,1,BOS,5,14.0,14.0,10.67813418707139,OVER
0,12,WSH,8.5,7.0,11,LAD,5,1.5,10.0,9.743785632589724,OVER
1,10,TEX,8.0,9.0,11,HOU,5,10.0,2.0,9.026538682928075,UNDER
2,15,PIT,7.0,7.5,11,STL,5,4.0,11.0,9.845410108676344,OVER
3,13,NYY,6.5,8.5,11,TB,5,7.5,1.0,8.481852422860893,UNDER
4,6,SEA,6.0,11.5,11,BOS,5,15.0,9.0,9.70879538648759,UNDER
5,2,MIA,5.5,7.0,11,NYM,5,1.5,7.0,9.274903149042562,OVER
6,0,CWS,3.5,8.5,11,TOR,5,7.5,4.0,9.040279250522136,UNDER
7,3,PHI,2.0,9.0,11,KC,5,10.0,12.0,9.851151983885993,OVER
8,5,ATL,2.0,9.0,11,ARI,5,10.0,8.0,9.356212199122217,UNDER
9,4,LAA,1.5,9.5,11,BAL,5,12.5,14.0,9.903813175325745,OVER
10,8,CIN,1.0,7.5,11,SF,5,4.0,3.0,9.033042539972453,UNDER
11,9,SD,1.0,10.0,11,COL,5,14.0,15.0,10.400631484326254,OVER
12,11,MIL,1.0,7.5,11,CHC,5,4.0,5.0,9.201034397289623,OVER
13,1,DET,0.5,9.5,11,MIN,5,12.5,13.0,9.894693421192477,OVER
14,7,CLE,0.0,8.0,11,OAK,5,6.0,6.0,9.237339382976616,OVER
0,7,HOU,13.0,10.5,14,DET,5,15.0,2.0,9.377138968688117,UNDER
1,11,CLE,9.5,8.0,14,CWS,5,4.5,14.0,10.581750990715737,OVER
2,4,NYM,8.5,8.0,14,WSH,5,4.5,13.0,10.538069932477946,OVER
3,8,BAL,8.0,8.5,14,NYY,5,7.0,15.0,10.687803026308194,OVER
4,9,OAK,6.5,9.0,14,SEA,5,10.5,4.0,9.559736882340783,UNDER
5,0,TEX,4.5,9.5,14,KC,5,13.5,9.0,10.063787443635796,UNDER
6,3,COL,4.0,8.5,14,BOS,5,7.0,11.0,10.136601875785713,OVER
7,14,PIT,3.5,9.0,14,ARI,5,10.5,7.0,9.895405484415333,UNDER
8,12,LAA,2.5,9.0,14,MIN,5,10.5,8.0,9.983851168958482,UNDER
9,2,TOR,2.0,7.5,14,SF,5,3.0,5.0,9.778810777060645,OVER
10,10,CHC,1.5,9.5,14,CIN,5,13.5,12.0,10.442639792587462,UNDER
11,6,SD,1.0,7.0,14,LAD,5,2.0,3.0,9.4235857083664,OVER
12,13,MIL,1.0,8.5,14,PHI,5,7.0,6.0,9.779421394058446,UNDER
13,5,STL,0.5,9.0,14,ATL,5,10.5,10.0,10.131907992122237,UNDER
14,1,TB,0.0,6.5,14,MIA,5,1.0,1.0,8.504912055494948,OVER
0,8,ARI,3.5,7.5,22,PIT,4,1.5,5.0,9.82513121639135,OVER
1,1,MIN,2.5,9.5,22,HOU,4,5.5,3.0,8.918199047476207,UNDER
2,4,PHI,2.5,8.5,22,NYM,4,3.5,1.0,8.239609201725719,UNDER
3,2,KC,0.5,7.5,22,TB,4,1.5,2.0,8.767468054709338,OVER
4,3,NYY,0.5,8.5,22,LAA,4,3.5,4.0,9.600458581791356,OVER
5,9,CWS,0.5,9.5,22,BAL,4,5.5,6.0,10.124082792082415,OVER
6,0,WSH,0.0,11.0,22,COL,4,7.0,7.0,10.946307540009963,OVER
0,4,STL,3.0,8.5,29,WSH,4,4.0,7.0,10.266921775483953,OVER
1,8,COL,3.0,9.0,29,MIL,4,7.0,4.0,9.461629857628349,UNDER
2,0,HOU,1.0,8.5,29,MIN,4,4.0,3.0,9.423874503311428,UNDER
3,3,OAK,1.0,9.0,29,BOS,4,7.0,8.0,10.457393800002832,OVER
4,5,SD,1.0,9.0,29,ATL,4,7.0,6.0,9.889564841222466,UNDER
5,6,BAL,1.0,8.5,29,CWS,4,4.0,5.0,9.795848265530843,OVER
6,1,CIN,0.5,7.5,29,NYM,4,1.5,1.0,8.713738116316456,UNDER
7,2,LAD,0.5,7.5,29,SF,4,1.5,2.0,9.097004896000096,OVER
0,8,SF,8.5,8.0,16,WSH,4,4.5,13.0,10.629685701219273,OVER
1,10,COL,7.5,7.5,16,SD,4,1.5,9.0,10.04642943694246,OVER
2,12,HOU,7.5,9.0,16,OAK,4,10.5,3.0,9.129843905255614,UNDER
3,14,STL,6.5,9.0,16,MIL,4,10.5,4.0,9.162998004798359,UNDER
4,6,NYM,5.5,9.0,16,PHI,4,10.5,5.0,9.181307329803328,UNDER
5,9,PIT,5.5,7.5,16,DET,4,1.5,7.0,9.732531269714569,OVER
6,0,CLE,3.5,8.0,16,SEA,4,4.5,1.0,8.688703386056538,UNDER
7,1,BOS,2.5,8.5,16,NYY,4,7.5,10.0,10.349938476348292,OVER
8,4,CHC,2.5,8.0,16,MIA,4,4.5,2.0,8.711573553167693,UNDER
9,11,LAA,2.0,10.0,16,TEX,4,13.0,11.0,10.51612353914058,UNDER
10,5,KC,1.5,9.0,16,CWS,4,10.5,12.0,10.524052167064287,OVER
11,7,BAL,1.5,8.0,16,TB,4,4.5,6.0,9.61848824912476,OVER
12,13,ARI,0.5,8.5,16,ATL,4,7.5,8.0,10.039384734699693,OVER
0,2,TB,4.0,7.5,8,CWS,4,2.0,6.0,10.195587822032945,OVER
1,0,MIL,3.0,9.0,8,LAA,4,6.0,3.0,9.295924405549346,UNDER
2,6,SD,3.0,7.0,8,SF,4,1.0,4.0,9.453221349282504,OVER
3,3,NYY,2.5,8.0,8,HOU,4,3.5,1.0,8.589048522244411,UNDER
4,4,LAD,1.5,8.0,8,STL,4,3.5,2.0,8.934772983702992,UNDER
5,7,ATL,0.0,11.0,8,COL,4,7.0,7.0,10.274260949857037,OVER
6,8,PIT,0.0,8.5,8,CHC,4,5.0,5.0,10.16153610439862,OVER
0,5,STL,4.0,10.0,5,CHC,5,9.0,5.0,10.010212509885132,UNDER
1,8,WSH,3.5,8.5,5,PHI,5,5.5,9.0,10.454310735059966,OVER
2,7,NYM,3.0,9.0,5,MIL,5,7.0,4.0,9.846916127118094,UNDER
3,14,SF,3.0,8.0,5,CIN,5,3.0,6.0,10.016444597424384,OVER
4,12,KC,2.5,8.5,5,DET,5,5.5,8.0,10.405337296152053,OVER
5,9,BOS,1.0,9.5,5,CWS,5,8.0,7.0,10.172069678458886,UNDER
6,10,LAD,1.0,8.0,5,SD,5,3.0,2.0,9.225324366160807,UNDER
7,0,ATL,0.0,7.5,5,MIA,5,1.0,1.0,8.145056153120187,OVER
8,4,OAK,0.0,8.0,5,PIT,5,3.0,3.0,9.586926640719154,OVER
0,0,HOU,8.0,7.5,30,MIN,4,3.0,11.0,10.134610595576586,OVER
1,7,CHC,7.0,9.0,30,SEA,4,11.0,4.0,8.793444771283342,UNDER
2,10,TB,5.5,8.0,30,KC,4,4.5,10.0,10.079022950379171,OVER
3,6,NYY,5.0,8.5,30,ARI,4,8.0,3.0,8.749796909250383,UNDER
4,12,BAL,4.0,8.5,30,CWS,4,8.0,12.0,10.28055434351891,OVER
5,2,LAD,3.5,7.0,30,SF,4,1.5,5.0,8.934082719607476,OVER
6,8,OAK,3.5,9.5,30,BOS,4,12.5,9.0,10.020003384784387,UNDER
7,5,CIN,2.5,8.0,30,NYM,4,4.5,2.0,8.28592781972651,UNDER
8,9,SD,2.0,8.5,30,ATL,4,8.0,6.0,9.049529970628221,UNDER
9,3,STL,1.5,9.5,30,WSH,4,12.5,14.0,10.573568891111693,OVER
10,1,COL,1.0,8.5,30,MIL,4,8.0,7.0,9.07848775020908,UNDER
11,11,PIT,1.0,11.0,30,TEX,4,14.0,13.0,10.302101339062752,UNDER
12,13,CLE,0.5,7.0,30,MIA,4,1.5,1.0,8.083743650430472,UNDER
13,4,DET,0.0,8.5,30,PHI,4,8.0,8.0,9.818077307642405,OVER
0,9,CLE,4.5,7.0,10,DET,4,1.5,6.0,9.401656441779124,OVER
1,1,NYY,2.5,8.0,10,HOU,4,4.5,2.0,8.960525368259372,UNDER
2,10,SD,1.5,8.0,10,SF,4,4.5,3.0,9.086082296856038,UNDER
3,0,MIL,0.5,8.0,10,LAA,4,4.5,5.0,9.401473819070157,OVER
4,6,TEX,0.5,8.0,10,ARI,4,4.5,4.0,9.165109676563887,UNDER
5,11,MIN,0.5,7.0,10,NYM,4,1.5,1.0,8.791131917080483,UNDER
6,5,TB,0.0,8.5,10,CWS,4,7.0,7.0,9.845235208666793,OVER
0,1,MIA,4.5,7.5,25,PHI,4,2.5,7.0,10.698916631479227,OVER
1,5,DET,3.0,9.5,25,BOS,4,7.0,4.0,10.363656385763315,UNDER
2,6,NYY,2.0,8.0,25,LAA,4,4.0,2.0,9.717235504270539,UNDER
3,7,ARI,2.0,7.0,25,PIT,4,1.0,3.0,9.928658216091893,OVER
4,3,CLE,1.5,7.5,25,HOU,4,2.5,1.0,8.703532285402991,UNDER
5,0,LAD,1.0,8.5,25,CHC,4,5.0,6.0,10.658887486166511,OVER
6,2,ATL,1.0,9.0,25,CIN,4,6.0,5.0,10.544109774377153,UNDER
0,5,KC,9.5,8.5,19,LAA,5,4.5,14.0,10.30204464241198,OVER
1,4,PIT,7.5,8.0,19,SD,5,2.5,10.0,9.87981863929816,OVER
2,3,COL,6.0,10.0,19,PHI,5,12.0,6.0,9.522208681463848,UNDER
3,12,OAK,6.0,10.5,19,DET,5,14.0,8.0,9.846415264975027,UNDER
4,6,TOR,5.5,9.5,19,CWS,5,9.5,15.0,10.358537074760788,OVER
5,0,TB,5.0,9.0,19,NYY,5,7.0,2.0,9.101828004343577,UNDER
6,8,CHC,3.0,10.0,19,WSH,5,12.0,9.0,9.852910076245918,UNDER
7,13,STL,3.0,11.0,19,TEX,5,15.0,12.0,10.25100714944084,UNDER
8,14,MIL,3.0,9.0,19,ATL,5,7.0,4.0,9.429698810220357,UNDER
9,1,SF,2.5,8.0,19,ARI,5,2.5,5.0,9.445758981520648,OVER
10,2,MIN,1.5,8.5,19,SEA,5,4.5,3.0,9.37509245812367,UNDER
11,9,HOU,1.5,9.5,19,BOS,5,9.5,11.0,9.952939640611866,OVER
12,10,BAL,1.0,10.0,19,CLE,5,12.0,13.0,10.292096606557237,OVER
13,7,LAD,0.0,9.0,19,CIN,5,7.0,7.0,9.539988751974652,OVER
14,11,NYM,0.0,7.0,19,MIA,5,1.0,1.0,8.499086955852556,OVER
0,2,OAK,10.5,9.0,26,TOR,4,11.5,1.0,9.106926808101822,UNDER
1,4,SD,10.0,7.0,26,WSH,4,2.0,12.0,10.38215868751951,OVER
2,10,CHC,9.5,9.0,26,ARI,4,11.5,2.0,9.116864045939145,UNDER
3,0,PIT,6.5,7.5,26,LAD,4,3.5,10.0,10.233874395559297,OVER
4,9,MIA,5.5,8.5,26,PHI,4,7.5,13.0,10.729803503440133,OVER
5,5,CLE,4.5,8.5,26,HOU,4,7.5,3.0,9.485271941952504,UNDER
6,12,BAL,4.5,9.0,26,MIN,4,11.5,7.0,9.989064548024167,UNDER
7,6,NYY,4.0,6.5,26,SF,4,1.0,5.0,9.556338101630482,OVER
8,7,CIN,3.0,8.0,26,STL,4,5.0,8.0,10.012794451841136,OVER
9,1,TEX,1.5,8.5,26,SEA,4,7.5,6.0,9.855676431052434,UNDER
10,8,COL,1.5,8.5,26,ATL,4,7.5,9.0,10.056214388358168,OVER
11,13,DET,0.5,9.0,26,CWS,4,11.5,11.0,10.261108320823793,UNDER
12,14,MIL,0.5,7.5,26,NYM,4,3.5,4.0,9.530966973595023,OVER
0,14,PIT,8.5,7.5,14,WSH,4,3.5,12.0,10.480780387396386,OVER
1,12,TB,5.5,8.0,14,TOR,4,6.5,1.0,8.786243924389854,UNDER
2,0,DET,4.5,7.5,14,MIN,4,3.5,8.0,10.096062853879156,OVER
3,4,SD,4.5,8.0,14,ARI,4,6.5,2.0,9.22564155677765,UNDER
4,2,COL,3.0,7.0,14,SF,4,1.0,4.0,9.895756409046099,OVER
5,9,NYM,3.0,8.5,14,ATL,4,8.0,5.0,9.947539864170066,UNDER
6,13,OAK,3.0,10.0,14,TEX,4,12.0,9.0,10.380128989043657,UNDER
7,3,MIL,2.5,9.0,14,LAD,4,9.5,7.0,10.057031559844924,UNDER
8,6,CLE,2.5,7.5,14,KC,4,3.5,6.0,10.054388960549174,OVER
9,1,HOU,0.5,7.5,14,SEA,4,3.5,3.0,9.324432599632779,UNDER
10,10,CWS,0.5,9.0,14,NYY,4,9.5,10.0,10.406644803424923,OVER
11,11,BAL,0.0,9.5,14,BOS,4,11.0,11.0,10.435093808397614,OVER
0,3,SD,3.0,9.0,13,ARI,4,5.0,2.0,8.854732379065128,UNDER
1,10,DET,3.0,8.0,13,MIN,4,2.0,5.0,9.482377825323598,OVER
2,14,COL,3.0,7.0,13,SF,4,1.0,4.0,9.473405395453591,OVER
3,0,HOU,2.0,8.5,13,SEA,4,3.0,1.0,8.75553035066933,UNDER
4,2,PIT,2.0,9.0,13,WSH,4,5.0,3.0,9.427720829932232,UNDER
5,5,LAA,1.0,9.0,13,CHC,4,5.0,6.0,10.065021798659751,OVER
6,12,BAL,0.0,11.0,13,BOS,4,7.0,7.0,10.539086511058429,OVER
0,2,NYY,0.5,9.0,7,BAL,4,3.5,3.0,9.412768495214511,UNDER
1,8,MIN,0.5,8.5,7,PHI,4,1.5,2.0,9.379156059211631,OVER
2,12,KC,0.5,9.0,7,DET,4,3.5,4.0,9.508279970969415,OVER
3,14,OAK,0.5,8.5,7,HOU,4,1.5,1.0,8.966812458540709,UNDER
0,9,CLE,3.5,7.5,12,KC,4,1.5,5.0,9.963979203755176,OVER
1,6,LAA,2.0,10.5,12,CHC,4,8.0,6.0,10.024122818236824,UNDER
2,8,HOU,2.0,9.0,12,SEA,4,4.0,2.0,8.962337395399008,UNDER
3,10,PHI,2.0,8.5,12,MIA,4,3.0,1.0,8.459506431947483,UNDER
4,1,CWS,1.5,9.5,12,NYY,4,5.5,7.0,10.302270681396603,OVER
5,3,COL,1.5,7.5,12,SF,4,1.5,3.0,9.817153980252558,OVER
6,11,NYM,1.5,9.5,12,ATL,4,5.5,4.0,9.906329851098144,UNDER
7,0,BAL,1.0,10.0,12,BOS,4,7.0,8.0,10.490832301183351,OVER
8,12,OAK,0.0,11.0,12,TEX,4,9.0,9.0,10.73839465819927,OVER
0,10,LAA,4.0,8.5,2,SEA,4,6.0,2.0,9.679909649500864,UNDER
1,8,MIN,2.0,7.0,2,KC,4,2.0,4.0,10.090290953654911,OVER
2,0,BOS,1.0,8.0,2,OAK,4,5.0,6.0,10.358570101714342,OVER
3,2,ARI,1.0,7.5,2,SD,4,4.0,5.0,10.186554548847457,OVER
4,4,SF,1.0,7.0,2,LAD,4,2.0,3.0,9.972627108606511,OVER
5,7,COL,1.0,7.0,2,TB,4,2.0,1.0,8.519738708364429,UNDER
0,5,KC,6.0,7.5,21,NYY,4,4.0,10.0,10.235311168461644,OVER
1,3,SF,5.5,7.0,21,PIT,4,1.5,7.0,9.731213019351106,OVER
2,8,HOU,4.0,10.5,21,TEX,4,10.0,6.0,9.696044137915015,UNDER
3,12,CIN,4.0,7.5,21,SD,4,4.0,8.0,9.8735973750015,OVER
4,1,TOR,3.5,8.0,21,OAK,4,6.5,3.0,9.609453396207273,UNDER
5,10,NYM,3.0,9.0,21,STL,4,8.0,5.0,9.678874154164095,UNDER
6,11,ATL,2.5,8.0,21,CLE,4,6.5,4.0,9.661906991651453,UNDER
7,7,BOS,2.0,7.5,21,TB,4,4.0,2.0,9.388464098399627,UNDER
8,2,WSH,0.5,7.0,21,MIA,4,1.5,1.0,8.519762572767192,UNDER
9,14,SEA,0.0,9.5,21,LAA,4,9.0,9.0,10.107894844930069,OVER
0,6,NYM,8.5,7.5,7,SD,5,2.5,11.0,9.909046553745897,OVER
1,2,KC,7.5,9.5,7,HOU,5,10.5,3.0,9.01337004107644,UNDER
2,1,MIA,7.0,6.5,7,CHC,5,1.0,8.0,9.681129207466943,OVER
3,8,CWS,6.5,8.5,7,CLE,5,5.5,12.0,9.987898051903722,OVER
4,3,MIN,6.0,9.0,7,TOR,5,8.0,2.0,8.71438653232404,UNDER
5,11,ATL,4.5,7.5,7,LAD,5,2.5,7.0,9.396823664981381,OVER
6,5,WSH,3.0,8.0,7,MIL,5,4.0,1.0,8.6633342709502,UNDER
7,10,CIN,3.0,9.0,7,OAK,5,8.0,5.0,9.233989454357491,UNDER
8,14,BOS,2.5,10.0,7,BAL,5,12.5,10.0,9.760754702655678,UNDER
9,9,PHI,2.0,9.0,7,STL,5,8.0,6.0,9.379845562373244,UNDER
10,0,SEA,1.5,9.5,7,NYY,5,10.5,9.0,9.740280508450821,UNDER
11,12,TEX,1.5,8.5,7,PIT,5,5.5,4.0,9.2339029368469,UNDER
12,7,SF,0.5,10.0,7,COL,5,12.5,13.0,10.776240394821356,OVER
0,4,TOR,6.5,8.0,9,BOS,4,2.5,9.0,11.186068447140276,OVER
1,6,OAK,4.0,9.5,9,BAL,4,8.0,4.0,10.28808645587424,UNDER
2,9,MIL,3.0,8.5,9,LAA,4,5.0,2.0,9.696748952627877,UNDER
3,12,ATL,3.0,10.5,9,COL,4,9.0,6.0,10.958082365006511,UNDER
4,5,WSH,2.5,8.0,9,PHI,4,2.5,5.0,10.893750422916758,OVER
5,2,MIA,2.0,8.5,9,CIN,4,5.0,7.0,10.958856923880779,OVER
6,3,TEX,2.0,8.5,9,ARI,4,5.0,3.0,9.712088103711393,UNDER
7,11,SEA,1.0,9.0,9,KC,4,7.0,8.0,11.182880963821475,OVER
8,8,SD,0.0,7.5,9,SF,4,1.0,1.0,9.307339081042734,OVER
0,3,TEX,6.5,9.5,24,OAK,4,9.5,3.0,9.232922954734633,UNDER
1,6,MIL,6.0,8.5,24,STL,4,5.0,11.0,10.085905380782377,OVER
2,7,LAD,5.5,8.0,24,CHC,4,2.5,8.0,9.635765813740957,OVER
3,4,ATL,4.5,9.5,24,CIN,4,9.5,5.0,9.425439582698512,UNDER
4,8,NYY,4.0,8.5,24,LAA,4,5.0,1.0,8.488372133095554,UNDER
5,9,CWS,3.5,9.5,24,BAL,4,9.5,6.0,9.503483568056666,UNDER
6,1,MIA,3.0,9.0,24,CLE,4,7.0,10.0,9.863962466813355,OVER
7,13,KC,3.0,7.0,24,TB,4,1.0,4.0,9.39055319166772,OVER
8,12,SEA,2.0,8.5,24,SD,4,5.0,7.0,9.525422535735935,OVER
9,5,ARI,0.5,8.0,24,PIT,4,2.5,2.0,9.150006116576082,UNDER
10,11,DET,0.5,9.5,24,BOS,4,9.5,9.0,9.65089591237575,UNDER
11,10,WSH,0.0,10.5,24,COL,4,12.0,12.0,10.589398923696944,OVER
0,4,WSH,8.0,8.0,10,LAD,5,4.0,12.0,10.244745918282863,OVER
1,11,CWS,8.0,9.5,10,TOR,5,11.0,3.0,9.083840462633232,UNDER
2,0,TEX,5.5,8.5,10,HOU,5,6.5,1.0,8.73567488412532,UNDER
3,3,MIA,5.0,7.0,10,NYM,5,2.0,7.0,9.670219292013314,OVER
4,10,LAA,4.0,11.0,10,BAL,5,14.0,10.0,9.928244438253452,UNDER
5,14,CIN,2.0,7.0,10,SF,5,2.0,4.0,9.090806264232661,OVER
6,2,PHI,1.5,9.0,10,KC,5,9.5,11.0,10.138642953083606,OVER
7,5,PIT,1.5,8.5,10,STL,5,6.5,8.0,9.851775160089362,OVER
8,9,SEA,1.5,10.0,10,BOS,5,12.5,14.0,11.478837226628336,OVER
9,12,CLE,1.5,8.5,10,OAK,5,6.5,5.0,9.46941837369122,UNDER
10,6,DET,0.5,9.0,10,MIN,5,9.5,9.0,9.870308418866717,UNDER
11,8,ATL,0.5,8.5,10,ARI,5,6.5,6.0,9.542482497323409,UNDER
12,13,SD,0.5,10.0,10,COL,5,12.5,13.0,10.737339497528893,OVER
13,7,NYY,0.0,7.0,10,TB,5,2.0,2.0,9.079987183490706,OVER
0,2,MIN,8.0,7.5,3,NYY,5,2.0,10.0,10.148688753777467,OVER
1,7,TB,7.0,9.5,3,BAL,5,10.0,3.0,9.322410975968108,UNDER
2,1,WSH,6.0,9.5,3,PHI,5,10.0,4.0,9.376065013669256,UNDER
3,12,ARI,6.0,11.0,3,COL,5,12.0,6.0,9.559817485660387,UNDER
4,8,BOS,4.0,8.0,3,CWS,5,5.0,9.0,10.086462841134967,OVER
5,9,ATL,4.0,8.0,3,MIA,5,5.0,1.0,7.9861384509367825,UNDER
6,0,SEA,3.5,8.5,3,CLE,5,7.5,11.0,10.460808036101794,OVER
7,3,STL,3.0,7.5,3,CHC,5,2.0,5.0,9.558210080087514,OVER
8,5,TOR,2.0,9.5,3,TEX,5,10.0,12.0,11.256332654478712,OVER
9,11,OAK,2.0,8.0,3,PIT,5,5.0,7.0,9.634793126884848,OVER
10,10,KC,0.5,8.5,3,DET,5,7.5,8.0,9.863825004167477,OVER
11,13,LAD,0.0,7.5,3,SD,5,2.0,2.0,8.515163412577778,OVER
0,4,MIN,11.0,9.5,23,HOU,4,12.0,1.0,8.528491398255085,UNDER
1,9,MIA,10.5,7.5,23,CLE,4,1.5,12.0,10.536816296808794,OVER
2,12,DET,8.5,7.5,23,BOS,4,1.5,10.0,10.097241167386963,OVER
3,0,PHI,6.0,8.5,23,NYM,4,8.0,2.0,8.710576088950923,UNDER
4,3,NYY,5.0,8.5,23,LAA,4,8.0,3.0,9.02082407296052,UNDER
5,7,SF,4.0,8.5,23,TOR,4,8.0,4.0,9.103774412013113,UNDER
6,11,TEX,3.5,8.0,23,OAK,4,4.5,8.0,9.879675825110619,OVER
7,15,ATL,3.0,9.5,23,CIN,4,12.0,9.0,9.91374916576249,UNDER
8,1,LAD,2.5,8.0,23,CHC,4,4.5,7.0,9.630683734265283,OVER
9,5,ARI,1.5,8.0,23,PIT,4,4.5,6.0,9.367016526837773,OVER
10,8,DET,1.0,9.0,23,BOS,4,10.0,11.0,10.154518706886812,OVER
11,13,CWS,1.0,9.5,23,BAL,4,12.0,13.0,10.593253935811811,OVER
12,14,SEA,0.5,8.0,23,SD,4,4.5,5.0,9.28681629047565,OVER
0,14,LAD,9.0,10.0,17,CIN,5,14.0,5.0,10.023448557751859,UNDER
1,0,TOR,5.5,9.0,17,CWS,5,6.5,12.0,10.54847815071248,OVER
2,4,TB,5.5,9.5,17,NYY,5,11.5,6.0,10.091162088896004,UNDER
3,6,PIT,5.0,7.0,17,SD,5,2.0,7.0,10.115240405919042,OVER
4,1,OAK,4.5,9.0,17,DET,5,6.5,11.0,10.429013404041259,OVER
5,2,SF,4.5,9.0,17,ARI,5,6.5,2.0,9.669490413913513,UNDER
6,5,MIN,3.5,9.0,17,SEA,5,6.5,3.0,9.820196882009123,UNDER
7,9,HOU,3.5,9.5,17,BOS,5,11.5,15.0,12.135980379990427,OVER
8,10,BAL,3.5,9.0,17,CLE,5,6.5,10.0,10.329213271343798,OVER
9,3,MIL,2.5,9.5,17,ATL,5,11.5,9.0,10.27760647567704,UNDER
10,11,COL,1.5,9.0,17,PHI,5,6.5,8.0,10.179646096491917,OVER
11,13,KC,1.5,9.5,17,LAA,5,11.5,13.0,10.818246173458938,OVER
12,7,CHC,1.0,8.0,17,WSH,5,3.0,4.0,10.017048843696687,OVER
13,8,STL,1.0,11.5,17,TEX,5,15.0,14.0,11.038862438972457,UNDER
14,12,NYM,0.0,6.5,17,MIA,5,1.0,1.0,8.708477206298454,OVER
0,4,MIL,4.0,8.0,13,PHI,5,1.0,5.0,9.834124000634002,OVER
1,6,PIT,4.0,9.0,13,ARI,5,5.0,1.0,9.141678651528895,UNDER
2,5,OAK,2.0,9.0,13,SEA,5,5.0,3.0,9.603241622253734,UNDER
3,1,HOU,1.5,8.5,13,DET,5,2.5,4.0,9.607909877215748,OVER
4,0,LAA,1.0,9.0,13,MIN,5,5.0,6.0,10.413971057444897,OVER
5,3,CLE,0.5,8.5,13,CWS,5,2.5,2.0,9.48842763129285,UNDER
0,12,PHI,5.0,77.0,21,CHC,5,6.0,11.0,11.063274897297607,OVER
1,14,CWS,5.0,77.0,21,HOU,5,6.0,1.0,7.588468959800241,UNDER
2,5,CIN,4.0,77.0,21,MIL,5,6.0,2.0,8.776085392941212,UNDER
3,11,NYY,4.0,77.0,21,BAL,5,6.0,10.0,10.857863685394488,OVER
4,4,LAD,3.0,77.0,21,TB,5,6.0,3.0,8.909791559443207,UNDER
5,13,OAK,3.0,77.0,21,CLE,5,6.0,9.0,10.49733385184479,OVER
6,0,BOS,2.0,77.0,21,TOR,5,6.0,4.0,9.405549045632618,UNDER
7,2,COL,2.0,77.0,21,PIT,5,6.0,8.0,10.151343326554905,OVER
8,6,MIN,1.0,77.0,21,LAA,5,6.0,5.0,9.640407620064275,UNDER
9,8,ARI,1.0,77.0,21,SD,5,6.0,7.0,10.136150327219765,OVER
10,1,MIA,0.0,77.0,21,DET,5,6.0,6.0,9.977504321244037,OVER
0,13,LAD,7.5,9.0,20,MIL,4,9.5,2.0,8.634064693579216,UNDER
1,11,SF,6.5,7.0,20,PIT,4,2.5,9.0,10.1242404887722,OVER
2,6,CIN,5.5,7.0,20,SD,4,2.5,8.0,10.094268960521363,OVER
3,16,MIN,5.0,10.0,20,BAL,4,12.0,7.0,9.900018221731493,UNDER
4,14,TOR,3.5,8.0,20,OAK,4,6.5,3.0,9.31317267868566,UNDER
5,3,HOU,2.0,9.5,20,TEX,4,11.0,13.0,10.4513079311867,OVER
6,4,ATL,2.0,8.5,20,CLE,4,8.0,10.0,10.198863251527124,OVER
7,1,SEA,1.5,9.0,20,LAA,4,9.5,11.0,10.295207800938831,OVER
8,5,ARI,1.5,7.0,20,CHC,4,2.5,4.0,9.639969473396137,OVER
9,12,BOS,1.5,8.0,20,TB,4,6.5,5.0,9.73973195637258,UNDER
10,15,WSH,1.5,7.0,20,MIA,4,2.5,1.0,8.508562341328306,UNDER
11,7,ATL,1.0,7.5,20,CLE,4,5.0,6.0,9.853457664127873,OVER
12,9,PHI,1.0,10.5,20,COL,4,13.0,12.0,10.419109571694571,UNDER
0,12,MIA,9.0,8.0,27,PHI,4,3.0,12.0,11.133848017300194,OVER
1,5,CHC,7.0,10.5,27,ARI,4,12.0,5.0,9.6708507760596,UNDER
2,10,CLE,7.0,9.0,27,HOU,4,9.0,2.0,9.383329496699968,UNDER
3,1,BAL,5.0,8.5,27,MIN,4,5.0,10.0,10.851078698223203,OVER
4,4,OAK,5.0,9.0,27,TOR,4,9.0,4.0,9.65597267375437,UNDER
5,8,NYY,5.0,7.0,27,SF,4,1.0,6.0,9.746271887272997,OVER
6,7,TEX,2.0,8.5,27,SEA,4,5.0,3.0,9.59996099890826,UNDER
7,11,SD,2.0,8.5,27,WSH,4,5.0,7.0,9.812951430222157,OVER
8,14,TB,2.0,9.0,27,BOS,4,9.0,11.0,10.943082296321514,OVER
9,0,MIL,1.0,7.5,27,NYM,4,2.0,1.0,8.961189474129736,UNDER
10,3,LAA,1.0,9.0,27,KC,4,9.0,8.0,10.53314451535985,UNDER
11,9,CIN,0.0,9.0,27,STL,4,9.0,9.0,10.61372593551723,OVER
0,2,NYM,3.0,7.5,15,PHI,4,1.0,4.0,10.477371672792488,OVER
1,1,STL,2.0,9.5,15,MIL,4,4.0,2.0,9.36808518630942,UNDER
2,9,CHC,1.0,8.0,15,MIA,4,2.0,1.0,8.798888813780168,UNDER
3,3,LAA,0.0,10.5,15,TEX,4,5.0,5.0,10.81141781259272,OVER
4,4,TOR,0.0,8.5,15,MIN,4,3.0,3.0,10.317464994508091,OVER
0,9,NYM,7.0,6.5,6,SD,5,1.0,8.0,10.3149073562877,OVER
1,10,MIN,7.0,8.5,6,TOR,5,8.0,1.0,8.442776377338044,UNDER
2,7,MIA,5.0,7.0,6,CHC,5,2.0,7.0,10.193715656230957,OVER
3,1,KC,4.0,8.0,6,HOU,5,6.0,2.0,8.517737831883634,UNDER
4,8,PHI,4.0,9.0,6,STL,5,10.0,6.0,10.046530358682054,UNDER
5,2,SF,3.0,8.0,6,CIN,5,6.0,9.0,10.374962159631805,OVER
6,0,CWS,1.0,9.0,6,CLE,5,10.0,11.0,10.806854046766693,OVER
7,3,ATL,1.0,8.0,6,LAD,5,6.0,5.0,9.87239013065552,UNDER
8,6,WSH,0.5,7.5,6,MIL,5,3.5,4.0,9.359157984318252,OVER
9,11,ARI,0.5,7.5,6,TB,5,3.5,3.0,8.590296539489524,UNDER
10,4,SEA,0.0,9.0,6,NYY,5,10.0,10.0,10.634874616592539,OVER
0,0,MIA,11.0,7.5,28,PHI,4,2.0,13.0,10.308422447959023,OVER
1,14,CIN,9.0,7.5,28,STL,4,2.0,11.0,9.746822480894377,OVER
2,11,TEX,8.5,9.0,28,SEA,4,10.5,2.0,8.686038266690149,UNDER
3,1,OAK,7.5,9.5,28,TOR,4,12.5,5.0,8.91782004589782,UNDER
4,13,CHC,6.5,8.5,28,ARI,4,7.5,1.0,8.675813437038826,UNDER
5,3,COL,4.5,9.0,28,ATL,4,10.5,6.0,9.335802977575968,UNDER
6,6,CLE,4.5,8.5,28,HOU,4,7.5,3.0,8.689090397440934,UNDER
7,9,DET,4.5,8.0,28,CWS,4,4.5,9.0,9.663545125427328,OVER
8,10,BAL,4.5,8.5,28,MIN,4,7.5,12.0,10.119429747154275,OVER
9,5,TB,2.5,8.0,28,BOS,4,4.5,7.0,9.441692479205962,OVER
10,8,LAA,2.5,9.5,28,KC,4,12.5,10.0,9.72677876499552,UNDER
11,12,NYY,2.0,7.5,28,SF,4,2.0,4.0,8.773849715039557,OVER
12,7,SD,0.5,8.5,28,WSH,4,7.5,8.0,9.502646870151857,OVER
0,9,TB,3.0,7.0,5,SF,4,1.0,4.0,9.396807340639636,OVER
1,1,LAD,1.0,11.0,5,COL,4,4.0,3.0,9.291025224723608,UNDER
2,2,BOS,1.0,9.0,5,ARI,4,3.0,2.0,8.62343151712467,UNDER
3,6,OAK,1.0,8.5,5,HOU,4,2.0,1.0,8.441382088681822,UNDER
0,11,SF,7.0,8.5,4,CIN,5,5.0,12.0,10.886837511770484,OVER
1,4,SEA,5.0,8.5,4,CLE,5,5.0,10.0,10.47843282353358,OVER
2,12,MIN,3.5,9.0,4,NYY,5,8.5,5.0,9.855423367830456,UNDER
3,3,ARI,3.0,10.5,4,COL,5,12.0,9.0,10.251166338630444,UNDER
4,5,KC,2.5,9.0,4,DET,5,8.5,6.0,10.046338004444593,UNDER
5,0,TB,1.5,9.0,4,BAL,5,8.5,7.0,10.082130370474008,UNDER
6,6,STL,1.0,8.5,4,CHC,5,5.0,4.0,9.80380589796266,UNDER
7,8,OAK,0.5,7.5,4,PIT,5,1.5,2.0,9.712289346131344,OVER
8,9,ATL,0.5,7.5,4,MIA,5,1.5,1.0,8.096429731148147,UNDER
9,14,BOS,0.5,9.0,4,CWS,5,8.5,8.0,10.227569644309137,UNDER
10,10,WSH,0.0,8.0,4,PHI,5,3.0,3.0,9.721284731184369,OVER
11,13,TOR,0.0,10.0,4,TEX,5,11.0,11.0,10.825068200825577,OVER
0,4,KC,0.0,7.5,4,DET,4,1.0,1.0,10.242429380422562,OVER
1,5,BOS,0.0,8.0,4,OAK,4,2.0,2.0,11.084751671047563,OVER
