,away,bet.result,betting.opportunity,bookie,day,game.result,home,month,outcome,predicted.bookie.rank,predicted.run.rank,predicted.runs,the.bet,year,date
0,KC,100,0.0,7.5,4,OVER,DET,4,9.0,1.0,1.0,10.242429380422562,OVER,2019,2019-04-04
1,BOS,100,0.0,8.0,4,OVER,OAK,4,10.0,2.0,2.0,11.084751671047563,OVER,2019,2019-04-04
0,SD,0,3.0,9.0,13,PUSH,ARI,4,9.0,5.0,2.0,8.854732379065128,UNDER,2019,2019-04-13
1,DET,-100,3.0,8.0,13,UNDER,MIN,4,7.0,2.0,5.0,9.482377825323598,OVER,2019,2019-04-13
2,COL,0,3.0,7.0,13,PUSH,SF,4,7.0,1.0,4.0,9.473405395453591,OVER,2019,2019-04-13
3,HOU,100,2.0,8.5,13,UNDER,SEA,4,4.0,3.0,1.0,8.75553035066933,UNDER,2019,2019-04-13
4,PIT,100,2.0,9.0,13,UNDER,WSH,4,5.0,5.0,3.0,9.427720829932232,UNDER,2019,2019-04-13
5,LAA,100,1.0,9.0,13,OVER,CHC,4,11.0,5.0,6.0,10.065021798659751,OVER,2019,2019-04-13
6,BAL,100,0.0,11.0,13,OVER,BOS,4,14.0,7.0,7.0,10.539086511058429,OVER,2019,2019-04-13
0,PIT,-100,8.5,7.5,14,UNDER,WSH,4,7.0,3.5,12.0,10.480780387396386,OVER,2019,2019-04-14
1,TB,-100,5.5,8.0,14,OVER,TOR,4,12.0,6.5,1.0,8.786243924389854,UNDER,2019,2019-04-14
2,DET,100,4.5,7.5,14,OVER,MIN,4,10.0,3.5,8.0,10.096062853879156,OVER,2019,2019-04-14
3,SD,-100,4.5,8.0,14,OVER,ARI,4,12.0,6.5,2.0,9.22564155677765,UNDER,2019,2019-04-14
4,COL,-100,3.0,7.0,14,UNDER,SF,4,4.0,1.0,4.0,9.895756409046099,OVER,2019,2019-04-14
5,NYM,-100,3.0,8.5,14,OVER,ATL,4,10.0,8.0,5.0,9.947539864170066,UNDER,2019,2019-04-14
6,OAK,-100,3.0,10.0,14,OVER,TEX,4,15.0,12.0,9.0,10.380128989043657,UNDER,2019,2019-04-14
7,MIL,100,2.5,9.0,14,UNDER,LAD,4,8.0,9.5,7.0,10.057031559844924,UNDER,2019,2019-04-14
8,CLE,100,2.5,7.5,14,OVER,KC,4,17.0,3.5,6.0,10.054388960549174,OVER,2019,2019-04-14
9,HOU,100,0.5,7.5,14,UNDER,SEA,4,5.0,3.5,3.0,9.324432599632779,UNDER,2019,2019-04-14
10,CWS,-100,0.5,9.0,14,UNDER,NYY,4,7.0,9.5,10.0,10.406644803424923,OVER,2019,2019-04-14
11,BAL,-100,0.0,9.5,14,UNDER,BOS,4,4.0,11.0,11.0,10.435093808397614,OVER,2019,2019-04-14
0,HOU,-100,13.0,10.5,14,OVER,DET,5,15.0,15.0,2.0,9.377138968688117,UNDER,2019,2019-05-14
1,CLE,100,9.5,8.0,14,OVER,CWS,5,9.0,4.5,14.0,10.581750990715737,OVER,2019,2019-05-14
2,NYM,0,8.5,8.0,14,PUSH,WSH,5,8.0,4.5,13.0,10.538069932477946,OVER,2019,2019-05-14
3,BAL,0,8.0,8.5,14,PUSH,NYY,5,8.5,7.0,15.0,10.687803026308194,OVER,2019,2019-05-14
4,OAK,100,6.5,9.0,14,UNDER,SEA,5,7.0,10.5,4.0,9.559736882340783,UNDER,2019,2019-05-14
5,TEX,-100,4.5,9.5,14,OVER,KC,5,16.0,13.5,9.0,10.063787443635796,UNDER,2019,2019-05-14
6,COL,100,4.0,8.5,14,OVER,BOS,5,9.0,7.0,11.0,10.136601875785713,OVER,2019,2019-05-14
7,PIT,100,3.5,9.0,14,UNDER,ARI,5,8.0,10.5,7.0,9.895405484415333,UNDER,2019,2019-05-14
8,LAA,100,2.5,9.0,14,UNDER,MIN,5,7.0,10.5,8.0,9.983851168958482,UNDER,2019,2019-05-14
9,TOR,100,2.0,7.5,14,OVER,SF,5,10.0,3.0,5.0,9.778810777060645,OVER,2019,2019-05-14
10,CHC,100,1.5,9.5,14,UNDER,CIN,5,4.0,13.5,12.0,10.442639792587462,UNDER,2019,2019-05-14
11,SD,100,1.0,7.0,14,OVER,LAD,5,9.0,2.0,3.0,9.4235857083664,OVER,2019,2019-05-14
12,MIL,100,1.0,8.5,14,UNDER,PHI,5,7.0,7.0,6.0,9.779421394058446,UNDER,2019,2019-05-14
13,STL,-100,0.5,9.0,14,OVER,ATL,5,17.0,10.5,10.0,10.131907992122237,UNDER,2019,2019-05-14
14,TB,-100,0.0,6.5,14,UNDER,MIA,5,4.0,1.0,1.0,8.504912055494948,OVER,2019,2019-05-14
0,SEA,100,8.0,9.5,19,UNDER,LAA,4,8.0,10.0,2.0,8.999341073821446,UNDER,2019,2019-04-19
1,LAD,100,7.0,9.5,19,UNDER,MIL,4,8.0,10.0,3.0,9.530137903118431,UNDER,2019,2019-04-19
2,SF,-100,6.5,7.0,19,UNDER,PIT,4,5.0,1.5,8.0,9.897171024541915,OVER,2019,2019-04-19
3,ATL,0,5.5,7.5,19,PUSH,CLE,4,7.5,3.5,9.0,9.918687205798943,OVER,2019,2019-04-19
4,ARI,-100,4.5,7.0,19,UNDER,CHC,4,6.0,1.5,6.0,9.876249814920467,OVER,2019,2019-04-19
5,CWS,100,4.0,8.5,19,OVER,DET,4,10.0,7.0,11.0,10.045515766336916,OVER,2019,2019-04-19
6,NYM,0,3.0,9.0,19,PUSH,STL,4,9.0,8.0,5.0,9.872729943980435,UNDER,2019,2019-04-19
7,WSH,100,2.5,7.5,19,UNDER,MIA,4,5.0,3.5,1.0,8.95159819562025,UNDER,2019,2019-04-19
8,CIN,-100,1.5,8.0,19,UNDER,SD,4,5.0,5.5,7.0,9.896816629073227,OVER,2019,2019-04-19
9,TOR,100,1.5,8.0,19,UNDER,OAK,4,6.0,5.5,4.0,9.627203014417844,UNDER,2019,2019-04-19
10,HOU,-100,0.0,9.5,19,UNDER,TEX,4,9.0,10.0,10.0,9.941575217992076,OVER,2019,2019-04-19
0,CLE,100,3.5,7.5,12,OVER,KC,4,9.0,1.5,5.0,9.963979203755176,OVER,2019,2019-04-12
1,LAA,100,2.0,10.5,12,UNDER,CHC,4,6.0,8.0,6.0,10.024122818236824,UNDER,2019,2019-04-12
2,HOU,-100,2.0,9.0,12,OVER,SEA,4,16.0,4.0,2.0,8.962337395399008,UNDER,2019,2019-04-12
3,PHI,-100,2.0,8.5,12,OVER,MIA,4,10.0,3.0,1.0,8.459506431947483,UNDER,2019,2019-04-12
4,CWS,100,1.5,9.5,12,OVER,NYY,4,15.0,5.5,7.0,10.302270681396603,OVER,2019,2019-04-12
5,COL,-100,1.5,7.5,12,UNDER,SF,4,5.0,1.5,3.0,9.817153980252558,OVER,2019,2019-04-12
6,NYM,100,1.5,9.5,12,UNDER,ATL,4,8.0,5.5,4.0,9.906329851098144,UNDER,2019,2019-04-12
7,BAL,0,1.0,10.0,12,PUSH,BOS,4,10.0,7.0,8.0,10.490832301183351,OVER,2019,2019-04-12
8,OAK,100,0.0,11.0,12,OVER,TEX,4,14.0,9.0,9.0,10.73839465819927,OVER,2019,2019-04-12
0,MIL,100,4.0,8.0,13,OVER,PHI,5,11.0,1.0,5.0,9.834124000634002,OVER,2019,2019-05-13
1,PIT,-100,4.0,9.0,13,OVER,ARI,5,12.0,5.0,1.0,9.141678651528895,UNDER,2019,2019-05-13
2,OAK,-100,2.0,9.0,13,OVER,SEA,5,11.0,5.0,3.0,9.603241622253734,UNDER,2019,2019-05-13
3,HOU,100,1.5,8.5,13,OVER,DET,5,9.0,2.5,4.0,9.607909877215748,OVER,2019,2019-05-13
4,LAA,0,1.0,9.0,13,PUSH,MIN,5,9.0,5.0,6.0,10.413971057444897,OVER,2019,2019-05-13
5,CLE,100,0.5,8.5,13,UNDER,CWS,5,7.0,2.5,2.0,9.48842763129285,UNDER,2019,2019-05-13
0,SF,100,8.5,8.0,16,OVER,WSH,4,10.0,4.5,13.0,10.629685701219273,OVER,2019,2019-04-16
1,COL,100,7.5,7.5,16,OVER,SD,4,10.0,1.5,9.0,10.04642943694246,OVER,2019,2019-04-16
2,HOU,-100,7.5,9.0,16,OVER,OAK,4,10.0,10.5,3.0,9.129843905255614,UNDER,2019,2019-04-16
3,STL,-100,6.5,9.0,16,OVER,MIL,4,12.0,10.5,4.0,9.162998004798359,UNDER,2019,2019-04-16
4,NYM,-100,5.5,9.0,16,OVER,PHI,4,17.0,10.5,5.0,9.181307329803328,UNDER,2019,2019-04-16
5,PIT,100,5.5,7.5,16,OVER,DET,4,8.0,1.5,7.0,9.732531269714569,OVER,2019,2019-04-16
6,CLE,100,3.5,8.0,16,UNDER,SEA,4,6.0,4.5,1.0,8.688703386056538,UNDER,2019,2019-04-16
7,BOS,-100,2.5,8.5,16,UNDER,NYY,4,8.0,7.5,10.0,10.349938476348292,OVER,2019,2019-04-16
8,CHC,100,2.5,8.0,16,UNDER,MIA,4,4.0,4.5,2.0,8.711573553167693,UNDER,2019,2019-04-16
9,LAA,100,2.0,10.0,16,UNDER,TEX,4,5.0,13.0,11.0,10.51612353914058,UNDER,2019,2019-04-16
10,KC,-100,1.5,9.0,16,UNDER,CWS,4,6.0,10.5,12.0,10.524052167064287,OVER,2019,2019-04-16
11,BAL,-100,1.5,8.0,16,UNDER,TB,4,6.0,4.5,6.0,9.61848824912476,OVER,2019,2019-04-16
12,ARI,100,0.5,8.5,16,OVER,ATL,4,15.0,7.5,8.0,10.039384734699693,OVER,2019,2019-04-16
0,ARI,100,3.5,7.5,22,OVER,PIT,4,16.0,1.5,5.0,9.82513121639135,OVER,2019,2019-04-22
1,MIN,-100,2.5,9.5,22,OVER,HOU,4,14.0,5.5,3.0,8.918199047476207,UNDER,2019,2019-04-22
2,PHI,100,2.5,8.5,22,UNDER,NYM,4,6.0,3.5,1.0,8.239609201725719,UNDER,2019,2019-04-22
3,KC,100,0.5,7.5,22,OVER,TB,4,9.0,1.5,2.0,8.767468054709338,OVER,2019,2019-04-22
4,NYY,-100,0.5,8.5,22,UNDER,LAA,4,7.0,3.5,4.0,9.600458581791356,OVER,2019,2019-04-22
5,CWS,100,0.5,9.5,22,OVER,BAL,4,14.0,5.5,6.0,10.124082792082415,OVER,2019,2019-04-22
6,WSH,100,0.0,11.0,22,OVER,COL,4,12.0,7.0,7.0,10.946307540009963,OVER,2019,2019-04-22
0,HOU,100,8.0,7.5,30,OVER,MIN,4,11.0,3.0,11.0,10.134610595576586,OVER,2019,2019-04-30
1,CHC,-100,7.0,9.0,30,OVER,SEA,4,11.0,11.0,4.0,8.793444771283342,UNDER,2019,2019-04-30
2,TB,0,5.5,8.0,30,PUSH,KC,4,8.0,4.5,10.0,10.079022950379171,OVER,2019,2019-04-30
3,NYY,100,5.0,8.5,30,UNDER,ARI,4,4.0,8.0,3.0,8.749796909250383,UNDER,2019,2019-04-30
4,BAL,0,4.0,8.5,30,PUSH,CWS,4,8.5,8.0,12.0,10.28055434351891,OVER,2019,2019-04-30
5,LAD,0,3.5,7.0,30,PUSH,SF,4,7.0,1.5,5.0,8.934082719607476,OVER,2019,2019-04-30
6,OAK,100,3.5,9.5,30,UNDER,BOS,4,6.0,12.5,9.0,10.020003384784387,UNDER,2019,2019-04-30
7,CIN,100,2.5,8.0,30,UNDER,NYM,4,7.0,4.5,2.0,8.28592781972651,UNDER,2019,2019-04-30
8,SD,100,2.0,8.5,30,UNDER,ATL,4,7.0,8.0,6.0,9.049529970628221,UNDER,2019,2019-04-30
9,STL,-100,1.5,9.5,30,UNDER,WSH,4,5.0,12.5,14.0,10.573568891111693,OVER,2019,2019-04-30
10,COL,100,1.0,8.5,30,UNDER,MIL,4,7.0,8.0,7.0,9.07848775020908,UNDER,2019,2019-04-30
11,PIT,100,1.0,11.0,30,UNDER,TEX,4,10.0,14.0,13.0,10.302101339062752,UNDER,2019,2019-04-30
12,CLE,-100,0.5,7.0,30,OVER,MIA,4,11.0,1.5,1.0,8.083743650430472,UNDER,2019,2019-04-30
13,DET,-100,0.0,8.5,30,UNDER,PHI,4,4.0,8.0,8.0,9.818077307642405,OVER,2019,2019-04-30
0,NYM,100,3.0,7.5,15,OVER,PHI,4,13.0,1.0,4.0,10.477371672792488,OVER,2019,2019-04-15
1,STL,-100,2.0,9.5,15,OVER,MIL,4,17.0,4.0,2.0,9.36808518630942,UNDER,2019,2019-04-15
2,CHC,-100,1.0,8.0,15,OVER,MIA,4,9.0,2.0,1.0,8.798888813780168,UNDER,2019,2019-04-15
3,LAA,100,0.0,10.5,15,OVER,TEX,4,19.0,5.0,5.0,10.81141781259272,OVER,2019,2019-04-15
4,TOR,-100,0.0,8.5,15,UNDER,MIN,4,8.0,3.0,3.0,10.317464994508091,OVER,2019,2019-04-15
0,CWS,100,2.5,6.5,3,OVER,CLE,4,11.0,1.5,4.0,10.341460125310801,OVER,2019,2019-04-03
1,CHC,-100,1.5,9.0,3,OVER,ATL,4,10.0,4.5,3.0,10.214681047296434,UNDER,2019,2019-04-03
2,STL,-100,1.0,7.5,3,OVER,PIT,4,9.0,3.0,2.0,9.913468988022382,UNDER,2019,2019-04-03
3,COL,100,0.5,6.5,3,UNDER,TB,4,1.0,1.5,1.0,8.900274407748114,UNDER,2019,2019-04-03
4,HOU,-100,0.5,9.0,3,UNDER,TEX,4,4.0,4.5,5.0,10.71241117946292,OVER,2019,2019-04-03
0,SF,100,7.0,8.5,4,OVER,CIN,5,11.0,5.0,12.0,10.886837511770484,OVER,2019,2019-05-04
1,SEA,100,5.0,8.5,4,OVER,CLE,5,9.0,5.0,10.0,10.47843282353358,OVER,2019,2019-05-04
2,MIN,-100,3.5,9.0,4,OVER,NYY,5,10.0,8.5,5.0,9.855423367830456,UNDER,2019,2019-05-04
3,ARI,-100,3.0,10.5,4,OVER,COL,5,11.0,12.0,9.0,10.251166338630444,UNDER,2019,2019-05-04
4,KC,-100,2.5,9.0,4,OVER,DET,5,18.0,8.5,6.0,10.046338004444593,UNDER,2019,2019-05-04
5,TB,100,1.5,9.0,4,UNDER,BAL,5,3.0,8.5,7.0,10.082130370474008,UNDER,2019,2019-05-04
6,STL,-100,1.0,8.5,4,OVER,CHC,5,11.0,5.0,4.0,9.80380589796266,UNDER,2019,2019-05-04
7,OAK,100,0.5,7.5,4,OVER,PIT,5,10.0,1.5,2.0,9.712289346131344,OVER,2019,2019-05-04
8,ATL,-100,0.5,7.5,4,OVER,MIA,5,11.0,1.5,1.0,8.096429731148147,UNDER,2019,2019-05-04
9,BOS,-100,0.5,9.0,4,OVER,CWS,5,17.0,8.5,8.0,10.227569644309137,UNDER,2019,2019-05-04
10,WSH,100,0.0,8.0,4,OVER,PHI,5,18.0,3.0,3.0,9.721284731184367,OVER,2019,2019-05-04
11,TOR,100,0.0,10.0,4,OVER,TEX,5,13.0,11.0,11.0,10.825068200825577,OVER,2019,2019-05-04
0,HOU,100,4.5,9.0,17,UNDER,OAK,4,3.0,8.5,4.0,9.507183487245962,UNDER,2019,2019-04-17
1,TOR,-100,4.0,8.5,17,UNDER,MIN,4,5.0,5.0,9.0,10.622303048948488,OVER,2019,2019-04-17
2,PIT,100,3.0,8.5,17,UNDER,DET,4,5.0,5.0,2.0,9.038618636544829,UNDER,2019,2019-04-17
3,NYM,-100,2.0,8.5,17,UNDER,PHI,4,5.0,5.0,7.0,10.203253467075873,OVER,2019,2019-04-17
4,CIN,-100,1.5,8.0,17,UNDER,LAD,4,5.0,1.5,3.0,9.50688182015781,OVER,2019,2019-04-17
5,SF,100,1.0,8.5,17,OVER,WSH,4,15.0,5.0,6.0,10.201472455857989,OVER,2019,2019-04-17
6,ARI,100,0.5,9.0,17,UNDER,ATL,4,5.0,8.5,8.0,10.291000514735078,UNDER,2019,2019-04-17
7,CHC,100,0.5,8.0,17,UNDER,MIA,4,6.0,1.5,1.0,8.884815554939653,UNDER,2019,2019-04-17
8,LAA,-100,0.0,10.5,17,UNDER,TEX,4,9.0,10.0,10.0,10.834049226151912,OVER,2019,2019-04-17
9,KC,-100,0.0,8.5,17,UNDER,CWS,4,7.0,5.0,5.0,10.080844639221427,OVER,2019,2019-04-17
0,OAK,100,10.5,9.0,26,UNDER,TOR,4,6.0,11.5,1.0,9.106926808101822,UNDER,2019,2019-04-26
1,SD,0,10.0,7.0,26,PUSH,WSH,4,7.0,2.0,12.0,10.38215868751951,OVER,2019,2019-04-26
2,CHC,-100,9.5,9.0,26,OVER,ARI,4,11.0,11.5,2.0,9.116864045939145,UNDER,2019,2019-04-26
3,PIT,100,6.5,7.5,26,OVER,LAD,4,8.0,3.5,10.0,10.233874395559297,OVER,2019,2019-04-26
4,MIA,-100,5.5,8.5,26,UNDER,PHI,4,4.0,7.5,13.0,10.729803503440133,OVER,2019,2019-04-26
5,CLE,-100,4.5,8.5,26,OVER,HOU,4,9.0,7.5,3.0,9.485271941952504,UNDER,2019,2019-04-26
6,BAL,100,4.5,9.0,26,UNDER,MIN,4,7.0,11.5,7.0,9.989064548024167,UNDER,2019,2019-04-26
7,NYY,100,4.0,6.5,26,OVER,SF,4,10.0,1.0,5.0,9.556338101630482,OVER,2019,2019-04-26
8,CIN,100,3.0,8.0,26,OVER,STL,4,13.0,5.0,8.0,10.012794451841136,OVER,2019,2019-04-26
9,TEX,-100,1.5,8.5,26,OVER,SEA,4,9.0,7.5,6.0,9.855676431052434,UNDER,2019,2019-04-26
10,COL,100,1.5,8.5,26,OVER,ATL,4,12.0,7.5,9.0,10.056214388358168,OVER,2019,2019-04-26
11,DET,-100,0.5,9.0,26,OVER,CWS,4,23.0,11.5,11.0,10.261108320823793,UNDER,2019,2019-04-26
12,MIL,100,0.5,7.5,26,OVER,NYM,4,12.0,3.5,4.0,9.530966973595023,OVER,2019,2019-04-26
0,MIA,-100,2.0,8.5,11,UNDER,CIN,4,5.0,1.0,3.0,10.38945989927299,OVER,2019,2019-04-11
1,PIT,100,1.0,9.0,11,UNDER,CHC,4,2.0,2.0,1.0,9.580035685842828,UNDER,2019,2019-04-11
2,SEA,-100,1.0,10.0,11,OVER,KC,4,13.0,3.0,2.0,10.277944500432527,UNDER,2019,2019-04-11
0,OAK,100,3.0,9.5,6,UNDER,HOU,4,6.0,4.0,1.0,8.736279788602204,UNDER,2019,2019-04-06
1,SEA,100,1.0,9.0,6,OVER,CWS,4,11.0,3.0,4.0,10.299762969467354,OVER,2019,2019-04-06
2,MIA,-100,1.0,8.5,6,UNDER,ATL,4,6.0,2.0,3.0,10.073708483252874,OVER,2019,2019-04-06
3,TOR,100,1.0,8.0,6,OVER,CLE,4,9.0,1.0,2.0,9.865664377041297,OVER,2019,2019-04-06
0,NYM,-100,7.0,6.5,6,UNDER,SD,5,4.0,1.0,8.0,10.3149073562877,OVER,2019,2019-05-06
1,MIN,100,7.0,8.5,6,UNDER,TOR,5,8.0,8.0,1.0,8.442776377338044,UNDER,2019,2019-05-06
2,MIA,100,5.0,7.0,6,OVER,CHC,5,11.0,2.0,7.0,10.193715656230957,OVER,2019,2019-05-06
3,KC,-100,4.0,8.0,6,OVER,HOU,5,10.0,6.0,2.0,8.517737831883634,UNDER,2019,2019-05-06
4,PHI,100,4.0,9.0,6,UNDER,STL,5,6.0,10.0,6.0,10.046530358682054,UNDER,2019,2019-05-06
5,SF,100,3.0,8.0,6,OVER,CIN,5,16.0,6.0,9.0,10.374962159631805,OVER,2019,2019-05-06
6,CWS,100,1.0,9.0,6,OVER,CLE,5,10.0,10.0,11.0,10.806854046766693,OVER,2019,2019-05-06
7,ATL,0,1.0,8.0,6,PUSH,LAD,5,8.0,6.0,5.0,9.87239013065552,UNDER,2019,2019-05-06
8,WSH,100,0.5,7.5,6,OVER,MIL,5,8.0,3.5,4.0,9.359157984318252,OVER,2019,2019-05-06
9,ARI,-100,0.5,7.5,6,OVER,TB,5,13.0,3.5,3.0,8.590296539489524,UNDER,2019,2019-05-06
10,SEA,100,0.0,9.0,6,OVER,NYY,5,10.0,10.0,10.0,10.634874616592539,OVER,2019,2019-05-06
0,KC,-100,9.5,8.5,19,UNDER,LAA,5,6.0,4.5,14.0,10.30204464241198,OVER,2019,2019-05-19
1,PIT,100,7.5,8.0,19,OVER,SD,5,10.0,2.5,10.0,9.87981863929816,OVER,2019,2019-05-19
2,COL,-100,6.0,10.0,19,OVER,PHI,5,12.0,12.0,6.0,9.522208681463848,UNDER,2019,2019-05-19
3,OAK,0,6.0,10.5,19,PUSH,DET,5,10.5,14.0,8.0,9.846415264975027,UNDER,2019,2019-05-19
4,TOR,-100,5.5,9.5,19,UNDER,CWS,5,7.0,9.5,15.0,10.358537074760788,OVER,2019,2019-05-19
5,TB,-100,5.0,9.0,19,OVER,NYY,5,18.0,7.0,2.0,9.101828004343577,UNDER,2019,2019-05-19
6,CHC,-100,3.0,10.0,19,OVER,WSH,5,11.0,12.0,9.0,9.852910076245918,UNDER,2019,2019-05-19
7,STL,100,3.0,11.0,19,UNDER,TEX,5,9.0,15.0,12.0,10.25100714944084,UNDER,2019,2019-05-19
8,MIL,100,3.0,9.0,19,UNDER,ATL,5,5.0,7.0,4.0,9.429698810220357,UNDER,2019,2019-05-19
9,SF,-100,2.5,8.0,19,UNDER,ARI,5,5.0,2.5,5.0,9.445758981520648,OVER,2019,2019-05-19
10,MIN,-100,1.5,8.5,19,OVER,SEA,5,11.0,4.5,3.0,9.37509245812367,UNDER,2019,2019-05-19
11,HOU,-100,1.5,9.5,19,UNDER,BOS,5,7.0,9.5,11.0,9.952939640611866,OVER,2019,2019-05-19
12,BAL,0,1.0,10.0,19,PUSH,CLE,5,10.0,12.0,13.0,10.292096606557237,OVER,2019,2019-05-19
13,LAD,100,0.0,9.0,19,OVER,CIN,5,11.0,7.0,7.0,9.539988751974652,OVER,2019,2019-05-19
14,NYM,-100,0.0,7.0,19,UNDER,MIA,5,3.0,1.0,1.0,8.499086955852556,OVER,2019,2019-05-19
0,TEX,100,4.0,9.0,9,UNDER,HOU,5,6.0,5.0,1.0,8.545838226224326,UNDER,2019,2019-05-09
1,CIN,-100,3.0,8.5,9,UNDER,OAK,5,3.0,2.0,5.0,9.849245036109071,OVER,2019,2019-05-09
2,CWS,-100,1.0,9.0,9,UNDER,CLE,5,5.0,5.0,6.0,9.881350619622005,OVER,2019,2019-05-09
3,SEA,100,1.0,9.0,9,UNDER,NYY,5,4.0,5.0,4.0,9.792417699099767,UNDER,2019,2019-05-09
4,PIT,100,1.0,8.5,9,OVER,STL,5,21.0,2.0,3.0,9.760470899450473,OVER,2019,2019-05-09
5,MIA,-100,0.0,10.0,9,UNDER,CHC,5,5.0,8.0,8.0,10.4298573035013,OVER,2019,2019-05-09
6,ATL,-100,0.0,8.5,9,UNDER,ARI,5,5.0,2.0,2.0,8.681398045928823,OVER,2019,2019-05-09
7,SF,100,0.0,9.5,9,OVER,COL,5,23.0,7.0,7.0,10.389799359037278,OVER,2019,2019-05-09
0,KC,100,12.5,9.5,8,UNDER,HOU,5,9.0,14.5,2.0,8.912935179528024,UNDER,2019,2019-05-08
1,MIA,-100,11.5,8.0,8,UNDER,CHC,5,5.0,3.5,15.0,10.566692050696213,OVER,2019,2019-05-08
2,MIN,-100,9.0,9.0,8,OVER,TOR,5,10.0,12.0,3.0,9.141997780384967,UNDER,2019,2019-05-08
3,LAA,100,5.5,8.0,8,OVER,DET,5,13.0,3.5,9.0,9.662190262282527,OVER,2019,2019-05-08
4,BOS,-100,5.0,8.5,8,UNDER,BAL,5,3.0,8.0,13.0,10.175363184916408,OVER,2019,2019-05-08
5,ATL,100,4.5,8.0,8,OVER,LAD,5,13.0,3.5,8.0,9.644332798301948,OVER,2019,2019-05-08
6,PHI,100,4.0,8.5,8,UNDER,STL,5,5.0,8.0,4.0,9.20134635528968,UNDER,2019,2019-05-08
7,CWS,-100,4.0,8.5,8,UNDER,CLE,5,8.0,8.0,12.0,10.004332015162248,OVER,2019,2019-05-08
8,NYM,-100,3.5,8.0,8,UNDER,SD,5,5.0,3.5,7.0,9.606009143913854,OVER,2019,2019-05-08
9,WSH,-100,3.0,8.5,8,OVER,MIL,5,10.0,8.0,5.0,9.32130450567494,UNDER,2019,2019-05-08
10,CIN,-100,2.0,8.5,8,OVER,OAK,5,9.0,8.0,6.0,9.485039875458348,UNDER,2019,2019-05-08
11,TEX,-100,2.0,9.0,8,OVER,PIT,5,15.0,12.0,10.0,9.757959647027,UNDER,2019,2019-05-08
12,SEA,-100,1.0,9.0,8,OVER,NYY,5,11.0,12.0,11.0,9.86040907443526,UNDER,2019,2019-05-08
13,SF,0,0.5,9.5,8,PUSH,COL,5,9.5,14.5,14.0,10.34499257126944,UNDER,2019,2019-05-08
14,ARI,-100,0.0,7.5,8,UNDER,TB,5,5.0,1.0,1.0,8.732352393757054,OVER,2019,2019-05-08
0,HOU,100,10.0,10.0,15,UNDER,DET,5,6.0,13.0,3.0,9.11092380376883,UNDER,2019,2019-05-15
1,NYM,-100,9.0,8.0,15,UNDER,WSH,5,6.0,4.0,13.0,10.368033460439024,OVER,2019,2019-05-15
2,SD,-100,5.0,7.5,15,UNDER,LAD,5,2.0,2.0,7.0,9.796873595489325,OVER,2019,2019-05-15
3,MIL,100,4.5,9.0,15,UNDER,PHI,5,7.0,6.5,2.0,8.94321957801538,UNDER,2019,2019-05-15
4,LAA,-100,4.5,9.5,15,OVER,MIN,5,15.0,10.5,6.0,9.736308278446957,UNDER,2019,2019-05-15
5,CHC,100,3.5,9.0,15,OVER,CIN,5,11.0,6.5,10.0,10.044495028450708,OVER,2019,2019-05-15
6,PIT,100,2.0,7.5,15,OVER,ARI,5,12.0,2.0,4.0,9.488234123119431,OVER,2019,2019-05-15
7,BAL,-100,1.5,9.0,15,UNDER,NYY,5,8.0,6.5,8.0,9.869868741276123,OVER,2019,2019-05-15
8,BAL,100,1.5,9.5,15,UNDER,NYY,5,4.0,10.5,9.0,10.04235146129856,UNDER,2019,2019-05-15
9,TEX,-100,1.5,9.5,15,UNDER,KC,5,7.0,10.5,12.0,10.240077780390124,OVER,2019,2019-05-15
10,COL,-100,1.5,9.0,15,OVER,BOS,5,11.0,6.5,5.0,9.723487652219598,UNDER,2019,2019-05-15
11,TB,100,1.0,7.5,15,UNDER,MIA,5,1.0,2.0,1.0,8.702600807644027,UNDER,2019,2019-05-15
12,STL,-100,0.5,9.5,15,UNDER,ATL,5,4.0,10.5,11.0,10.128818403243812,OVER,2019,2019-05-15
0,MIA,-100,4.5,7.5,25,UNDER,PHI,4,4.0,2.5,7.0,10.698916631479227,OVER,2019,2019-04-25
1,DET,-100,3.0,9.5,25,OVER,BOS,4,10.0,7.0,4.0,10.363656385763315,UNDER,2019,2019-04-25
2,NYY,-100,2.0,8.0,25,OVER,LAA,4,16.0,4.0,2.0,9.717235504270539,UNDER,2019,2019-04-25
3,ARI,-100,2.0,7.0,25,UNDER,PIT,4,5.0,1.0,3.0,9.928658216091893,OVER,2019,2019-04-25
4,CLE,100,1.5,7.5,25,UNDER,HOU,4,3.0,2.5,1.0,8.703532285402991,UNDER,2019,2019-04-25
5,LAD,-100,1.0,8.5,25,UNDER,CHC,4,3.0,5.0,6.0,10.658887486166511,OVER,2019,2019-04-25
6,ATL,100,1.0,9.0,25,UNDER,CIN,4,6.0,6.0,5.0,10.544109774377153,UNDER,2019,2019-04-25
0,NYM,100,8.5,7.5,7,OVER,SD,5,13.0,2.5,11.0,9.909046553745897,OVER,2019,2019-05-07
1,KC,-100,7.5,9.5,7,OVER,HOU,5,14.0,10.5,3.0,9.01337004107644,UNDER,2019,2019-05-07
2,MIA,100,7.0,6.5,7,OVER,CHC,5,7.0,1.0,8.0,9.681129207466943,OVER,2019,2019-05-07
3,CWS,-100,6.5,8.5,7,UNDER,CLE,5,2.0,5.5,12.0,9.987898051903722,OVER,2019,2019-05-07
4,MIN,100,6.0,9.0,7,UNDER,TOR,5,3.0,8.0,2.0,8.71438653232404,UNDER,2019,2019-05-07
5,ATL,100,4.5,7.5,7,OVER,LAD,5,9.0,2.5,7.0,9.396823664981381,OVER,2019,2019-05-07
6,WSH,100,3.0,8.0,7,UNDER,MIL,5,6.0,4.0,1.0,8.6633342709502,UNDER,2019,2019-05-07
7,CIN,100,3.0,9.0,7,UNDER,OAK,5,2.0,8.0,5.0,9.233989454357491,UNDER,2019,2019-05-07
8,BOS,-100,2.5,10.0,7,OVER,BAL,5,13.0,12.5,10.0,9.760754702655678,UNDER,2019,2019-05-07
9,PHI,-100,2.0,9.0,7,OVER,STL,5,12.0,8.0,6.0,9.379845562373244,UNDER,2019,2019-05-07
10,SEA,100,1.5,9.5,7,UNDER,NYY,5,9.0,10.5,9.0,9.740280508450821,UNDER,2019,2019-05-07
11,TEX,-100,1.5,8.5,7,OVER,PIT,5,9.0,5.5,4.0,9.2339029368469,UNDER,2019,2019-05-07
12,SF,100,0.5,10.0,7,OVER,COL,5,18.0,12.5,13.0,10.776240394821356,OVER,2019,2019-05-07
0,WSH,-100,8.0,8.0,10,UNDER,LAD,5,5.0,4.0,12.0,10.244745918282863,OVER,2019,2019-05-10
1,CWS,100,8.0,9.5,10,UNDER,TOR,5,7.0,11.0,3.0,9.083840462633232,UNDER,2019,2019-05-10
2,TEX,100,5.5,8.5,10,UNDER,HOU,5,3.0,6.5,1.0,8.73567488412532,UNDER,2019,2019-05-10
3,MIA,100,5.0,7.0,10,OVER,NYM,5,13.0,2.0,7.0,9.670219292013314,OVER,2019,2019-05-10
4,LAA,0,4.0,11.0,10,PUSH,BAL,5,11.0,14.0,10.0,9.928244438253452,UNDER,2019,2019-05-10
5,CIN,0,2.0,7.0,10,PUSH,SF,5,7.0,2.0,4.0,9.090806264232661,OVER,2019,2019-05-10
6,PHI,-100,1.5,9.0,10,UNDER,KC,5,6.0,9.5,11.0,10.138642953083606,OVER,2019,2019-05-10
7,PIT,-100,1.5,8.5,10,UNDER,STL,5,3.0,6.5,8.0,9.851775160089362,OVER,2019,2019-05-10
8,SEA,100,1.5,10.0,10,OVER,BOS,5,15.0,12.5,14.0,11.478837226628336,OVER,2019,2019-05-10
9,CLE,100,1.5,8.5,10,UNDER,OAK,5,7.0,6.5,5.0,9.46941837369122,UNDER,2019,2019-05-10
10,DET,100,0.5,9.0,10,UNDER,MIN,5,6.0,9.5,9.0,9.870308418866717,UNDER,2019,2019-05-10
11,ATL,100,0.5,8.5,10,UNDER,ARI,5,3.0,6.5,6.0,9.542482497323409,UNDER,2019,2019-05-10
12,SD,100,0.5,10.0,10,OVER,COL,5,14.0,12.5,13.0,10.737339497528893,OVER,2019,2019-05-10
13,NYY,0,0.0,7.0,10,PUSH,TB,5,7.0,2.0,2.0,9.079987183490706,OVER,2019,2019-05-10
0,CHC,-100,7.5,9.0,1,OVER,SEA,5,11.0,11.5,4.0,9.496805719512825,UNDER,2019,2019-05-01
1,STL,-100,6.5,7.5,1,UNDER,WSH,5,6.0,4.5,11.0,10.134991646047137,OVER,2019,2019-05-01
2,DET,100,5.5,8.0,1,OVER,PHI,5,10.0,6.5,12.0,10.319923936471584,OVER,2019,2019-05-01
3,COL,-100,4.5,9.0,1,OVER,MIL,5,15.0,11.5,7.0,9.630700327178443,UNDER,2019,2019-05-01
4,HOU,100,2.5,9.0,1,UNDER,MIN,5,8.0,11.5,9.0,9.995372533294557,UNDER,2019,2019-05-01
5,BAL,0,1.5,9.0,1,PUSH,CWS,5,9.0,11.5,13.0,10.425112679771377,OVER,2019,2019-05-01
6,TB,-100,1.5,8.5,1,UNDER,KC,5,5.0,8.5,10.0,10.100526384761354,OVER,2019,2019-05-01
7,BAL,-100,0.5,8.5,1,OVER,CWS,5,13.0,8.5,8.0,9.886334752452726,UNDER,2019,2019-05-01
8,CIN,-100,0.5,6.5,1,UNDER,NYM,5,1.0,1.5,2.0,9.137678170690496,OVER,2019,2019-05-01
9,NYY,-100,0.5,7.5,1,UNDER,ARI,5,5.0,4.5,5.0,9.580605929876329,OVER,2019,2019-05-01
10,TOR,-100,0.5,8.0,1,OVER,LAA,5,9.0,6.5,6.0,9.611138509331859,UNDER,2019,2019-05-01
11,CLE,100,0.5,6.5,1,UNDER,MIA,5,6.0,1.5,1.0,8.908074931645038,UNDER,2019,2019-05-01
12,PIT,100,0.0,10.5,1,OVER,TEX,5,12.0,15.0,15.0,11.099719347221859,OVER,2019,2019-05-01
13,LAD,-100,0.0,7.0,1,UNDER,SF,5,3.0,3.0,3.0,9.167088384544924,OVER,2019,2019-05-01
14,OAK,100,0.0,9.5,1,OVER,BOS,5,10.0,14.0,14.0,10.67813418707139,OVER,2019,2019-05-01
0,KC,100,6.0,7.5,21,OVER,NYY,4,13.0,4.0,10.0,10.235311168461644,OVER,2019,2019-04-21
1,SF,-100,5.5,7.0,21,UNDER,PIT,4,5.0,1.5,7.0,9.731213019351106,OVER,2019,2019-04-21
2,HOU,-100,4.0,10.5,21,OVER,TEX,4,21.0,10.0,6.0,9.696044137915015,UNDER,2019,2019-04-21
3,CIN,-100,4.0,7.5,21,UNDER,SD,4,7.0,4.0,8.0,9.8735973750015,OVER,2019,2019-04-21
4,TOR,-100,3.5,8.0,21,OVER,OAK,4,9.0,6.5,3.0,9.609453396207273,UNDER,2019,2019-04-21
5,NYM,-100,3.0,9.0,21,OVER,STL,4,10.0,8.0,5.0,9.678874154164095,UNDER,2019,2019-04-21
6,ATL,-100,2.5,8.0,21,OVER,CLE,4,16.0,6.5,4.0,9.661906991651453,UNDER,2019,2019-04-21
7,BOS,100,2.0,7.5,21,UNDER,TB,4,7.0,4.0,2.0,9.388464098399627,UNDER,2019,2019-04-21
8,WSH,100,0.5,7.0,21,UNDER,MIA,4,5.0,1.5,1.0,8.519762572767192,UNDER,2019,2019-04-21
9,SEA,100,0.0,9.5,21,OVER,LAA,4,14.0,9.0,9.0,10.107894844930069,OVER,2019,2019-04-21
0,ATL,100,6.0,9.0,12,UNDER,ARI,5,8.0,9.0,3.0,9.120823655820328,UNDER,2019,2019-05-12
1,CWS,100,6.0,8.5,12,UNDER,TOR,5,6.0,7.0,1.0,9.057892042029794,UNDER,2019,2019-05-12
2,LAA,-100,6.0,8.0,12,UNDER,BAL,5,6.0,5.0,11.0,10.4074025920095,OVER,2019,2019-05-12
3,DET,-100,3.0,8.5,12,UNDER,MIN,5,8.0,7.0,10.0,10.267110152332107,OVER,2019,2019-05-12
4,MIL,-100,2.5,7.5,12,UNDER,CHC,5,5.0,3.5,6.0,9.775255782122306,OVER,2019,2019-05-12
5,NYY,100,2.5,7.0,12,OVER,TB,5,8.0,1.5,4.0,9.266050812939444,OVER,2019,2019-05-12
6,SD,-100,2.0,12.0,12,OVER,COL,5,17.0,11.0,9.0,10.102274358099825,UNDER,2019,2019-05-12
7,SEA,-100,2.0,10.0,12,OVER,BOS,5,13.0,10.0,8.0,9.924389951571351,UNDER,2019,2019-05-12
8,WSH,-100,1.5,7.5,12,UNDER,LAD,5,6.0,3.5,5.0,9.564479121065796,OVER,2019,2019-05-12
9,CIN,100,0.5,7.0,12,OVER,SF,5,11.0,1.5,2.0,9.076455707566756,OVER,2019,2019-05-12
10,PIT,100,0.0,8.5,12,OVER,STL,5,16.0,7.0,7.0,9.90559153155985,OVER,2019,2019-05-12
0,TB,-100,1.5,8.0,2,UNDER,KC,5,4.0,2.5,4.0,9.598783745782072,OVER,2019,2019-05-02
1,STL,-100,1.0,9.0,2,UNDER,WSH,5,3.0,6.0,7.0,10.513345079751002,OVER,2019,2019-05-02
2,COL,-100,1.0,8.5,2,OVER,MIL,5,17.0,4.0,3.0,9.37860212180058,UNDER,2019,2019-05-02
3,TOR,100,1.0,9.0,2,UNDER,LAA,5,8.0,6.0,5.0,9.862343760766176,UNDER,2019,2019-05-02
4,HOU,-100,0.5,8.0,2,OVER,MIN,5,10.0,2.5,2.0,9.346636706186077,UNDER,2019,2019-05-02
5,BOS,100,0.0,9.0,2,OVER,CWS,5,10.0,6.0,6.0,10.376143772390932,OVER,2019,2019-05-02
6,CIN,-100,0.0,7.5,2,UNDER,NYM,5,1.0,1.0,1.0,9.27171979664083,OVER,2019,2019-05-02
0,MIA,100,9.0,8.0,27,OVER,PHI,4,21.0,3.0,12.0,11.133848017300194,OVER,2019,2019-04-27
1,CHC,100,7.0,10.5,27,UNDER,ARI,4,10.0,12.0,5.0,9.6708507760596,UNDER,2019,2019-04-27
2,CLE,100,7.0,9.0,27,UNDER,HOU,4,7.0,9.0,2.0,9.383329496699968,UNDER,2019,2019-04-27
3,BAL,100,5.0,8.5,27,OVER,MIN,4,11.0,5.0,10.0,10.851078698223203,OVER,2019,2019-04-27
4,OAK,100,5.0,9.0,27,UNDER,TOR,4,8.0,9.0,4.0,9.65597267375437,UNDER,2019,2019-04-27
5,NYY,100,5.0,7.0,27,OVER,SF,4,10.0,1.0,6.0,9.746271887272997,OVER,2019,2019-04-27
6,TEX,-100,2.0,8.5,27,OVER,SEA,4,16.0,5.0,3.0,9.59996099890826,UNDER,2019,2019-04-27
7,SD,100,2.0,8.5,27,OVER,WSH,4,11.0,5.0,7.0,9.812951430222157,OVER,2019,2019-04-27
8,TB,-100,2.0,9.0,27,UNDER,BOS,4,3.0,9.0,11.0,10.943082296321514,OVER,2019,2019-04-27
9,MIL,-100,1.0,7.5,27,OVER,NYM,4,14.0,2.0,1.0,8.961189474129736,UNDER,2019,2019-04-27
10,LAA,-100,1.0,9.0,27,OVER,KC,4,13.0,9.0,8.0,10.533144515359849,UNDER,2019,2019-04-27
11,CIN,0,0.0,9.0,27,PUSH,STL,4,9.0,9.0,9.0,10.61372593551723,OVER,2019,2019-04-27
0,LAA,100,4.0,8.5,2,UNDER,SEA,4,3.0,6.0,2.0,9.679909649500864,UNDER,2019,2019-04-02
1,MIN,100,2.0,7.0,2,OVER,KC,4,9.0,2.0,4.0,10.090290953654911,OVER,2019,2019-04-02
2,BOS,-100,1.0,8.0,2,UNDER,OAK,4,1.0,5.0,6.0,10.358570101714342,OVER,2019,2019-04-02
3,ARI,100,1.0,7.5,2,OVER,SD,4,13.0,4.0,5.0,10.186554548847457,OVER,2019,2019-04-02
4,SF,100,1.0,7.0,2,OVER,LAD,4,11.0,2.0,3.0,9.972627108606511,OVER,2019,2019-04-02
5,COL,100,1.0,7.0,2,UNDER,TB,4,4.0,2.0,1.0,8.519738708364429,UNDER,2019,2019-04-02
0,STL,-100,4.0,10.0,5,OVER,CHC,5,18.0,9.0,5.0,10.010212509885132,UNDER,2019,2019-05-05
1,WSH,-100,3.5,8.5,5,UNDER,PHI,5,8.0,5.5,9.0,10.454310735059966,OVER,2019,2019-05-05
2,NYM,100,3.0,9.0,5,UNDER,MIL,5,5.0,7.0,4.0,9.846916127118094,UNDER,2019,2019-05-05
3,SF,100,3.0,8.0,5,OVER,CIN,5,11.0,3.0,6.0,10.016444597424384,OVER,2019,2019-05-05
4,KC,-100,2.5,8.5,5,UNDER,DET,5,7.0,5.5,8.0,10.405337296152053,OVER,2019,2019-05-05
5,BOS,-100,1.0,9.5,5,OVER,CWS,5,11.0,8.0,7.0,10.172069678458886,UNDER,2019,2019-05-05
6,LAD,-100,1.0,8.0,5,OVER,SD,5,13.0,3.0,2.0,9.225324366160807,UNDER,2019,2019-05-05
7,ATL,-100,0.0,7.5,5,UNDER,MIA,5,4.0,1.0,1.0,8.145056153120187,OVER,2019,2019-05-05
8,OAK,0,0.0,8.0,5,PUSH,PIT,5,8.0,3.0,3.0,9.586926640719154,OVER,2019,2019-05-05
0,MIA,-100,11.0,7.5,28,UNDER,PHI,4,6.0,2.0,13.0,10.308422447959023,OVER,2019,2019-04-28
1,CIN,-100,9.0,7.5,28,UNDER,STL,4,7.0,2.0,11.0,9.746822480894377,OVER,2019,2019-04-28
2,TEX,-100,8.5,9.0,28,OVER,SEA,4,15.0,10.5,2.0,8.686038266690149,UNDER,2019,2019-04-28
3,OAK,100,7.5,9.5,28,UNDER,TOR,4,9.0,12.5,5.0,8.91782004589782,UNDER,2019,2019-04-28
4,CHC,-100,6.5,8.5,28,OVER,ARI,4,11.0,7.5,1.0,8.675813437038826,UNDER,2019,2019-04-28
5,COL,-100,4.5,9.0,28,OVER,ATL,4,15.0,10.5,6.0,9.335802977575968,UNDER,2019,2019-04-28
6,CLE,100,4.5,8.5,28,UNDER,HOU,4,5.0,7.5,3.0,8.689090397440934,UNDER,2019,2019-04-28
7,DET,-100,4.5,8.0,28,UNDER,CWS,4,5.0,4.5,9.0,9.663545125427328,OVER,2019,2019-04-28
8,BAL,-100,4.5,8.5,28,UNDER,MIN,4,5.0,7.5,12.0,10.119429747154275,OVER,2019,2019-04-28
9,TB,-100,2.5,8.0,28,UNDER,BOS,4,7.0,4.5,7.0,9.441692479205962,OVER,2019,2019-04-28
10,LAA,-100,2.5,9.5,28,OVER,KC,4,10.0,12.5,10.0,9.72677876499552,UNDER,2019,2019-04-28
11,NYY,100,2.0,7.5,28,OVER,SF,4,16.0,2.0,4.0,8.773849715039557,OVER,2019,2019-04-28
12,SD,100,0.5,8.5,28,OVER,WSH,4,13.0,7.5,8.0,9.502646870151857,OVER,2019,2019-04-28
0,TB,0,3.0,7.0,5,PUSH,SF,4,7.0,1.0,4.0,9.396807340639636,OVER,2019,2019-04-05
1,LAD,-100,1.0,11.0,5,OVER,COL,4,16.0,4.0,3.0,9.291025224723608,UNDER,2019,2019-04-05
2,BOS,-100,1.0,9.0,5,OVER,ARI,4,23.0,3.0,2.0,8.62343151712467,UNDER,2019,2019-04-05
3,OAK,100,1.0,8.5,5,UNDER,HOU,4,5.0,2.0,1.0,8.441382088681822,UNDER,2019,2019-04-05
0,WSH,0,8.5,7.0,11,PUSH,LAD,5,7.0,1.5,10.0,9.743785632589724,OVER,2019,2019-05-11
1,TEX,-100,8.0,9.0,11,OVER,HOU,5,15.0,10.0,2.0,9.026538682928075,UNDER,2019,2019-05-11
2,PIT,-100,7.0,7.5,11,UNDER,STL,5,3.0,4.0,11.0,9.845410108676344,OVER,2019,2019-05-11
3,NYY,-100,6.5,8.5,11,OVER,TB,5,9.0,7.5,1.0,8.481852422860893,UNDER,2019,2019-05-11
4,SEA,-100,6.0,11.5,11,OVER,BOS,5,14.0,15.0,9.0,9.70879538648759,UNDER,2019,2019-05-11
5,MIA,-100,5.5,7.0,11,UNDER,NYM,5,5.0,1.5,7.0,9.274903149042562,OVER,2019,2019-05-11
6,CWS,-100,3.5,8.5,11,OVER,TOR,5,9.0,7.5,4.0,9.040279250522136,UNDER,2019,2019-05-11
7,PHI,-100,2.0,9.0,11,UNDER,KC,5,7.0,10.0,12.0,9.851151983885993,OVER,2019,2019-05-11
8,ATL,-100,2.0,9.0,11,OVER,ARI,5,10.0,10.0,8.0,9.356212199122217,UNDER,2019,2019-05-11
9,LAA,-100,1.5,9.5,11,UNDER,BAL,5,9.0,12.5,14.0,9.903813175325745,OVER,2019,2019-05-11
10,CIN,-100,1.0,7.5,11,OVER,SF,5,9.0,4.0,3.0,9.033042539972453,UNDER,2019,2019-05-11
11,SD,-100,1.0,10.0,11,UNDER,COL,5,7.0,14.0,15.0,10.400631484326254,OVER,2019,2019-05-11
12,MIL,-100,1.0,7.5,11,UNDER,CHC,5,3.0,4.0,5.0,9.201034397289623,OVER,2019,2019-05-11
13,DET,-100,0.5,9.5,11,UNDER,MIN,5,8.0,12.5,13.0,9.894693421192477,OVER,2019,2019-05-11
14,CLE,-100,0.0,8.0,11,UNDER,OAK,5,5.0,6.0,6.0,9.237339382976616,OVER,2019,2019-05-11
0,MIN,-100,5.5,9.5,18,OVER,SEA,5,22.0,7.5,2.0,9.141239264344149,UNDER,2019,2019-05-18
1,KC,0,5.5,9.0,18,PUSH,LAA,5,9.0,5.5,11.0,10.187939629435325,OVER,2019,2019-05-18
2,OAK,-100,3.5,9.0,18,UNDER,DET,5,5.0,5.5,9.0,9.915035229552087,OVER,2019,2019-05-18
3,HOU,100,3.0,10.5,18,UNDER,BOS,5,10.0,11.0,8.0,9.86281449669217,UNDER,2019,2019-05-18
4,TB,-100,3.0,8.5,18,UNDER,NYY,5,3.0,3.0,6.0,9.810545832571133,OVER,2019,2019-05-18
5,MIL,100,2.5,9.5,18,UNDER,ATL,5,7.0,7.5,5.0,9.584084451689698,UNDER,2019,2019-05-18
6,LAD,100,2.5,10.0,18,UNDER,CIN,5,4.0,9.5,7.0,9.840187032242973,UNDER,2019,2019-05-18
7,CHC,-100,1.0,8.5,18,UNDER,WSH,5,7.0,3.0,4.0,9.380268629231988,OVER,2019,2019-05-18
8,COL,-100,0.5,10.0,18,UNDER,PHI,5,3.0,9.5,10.0,10.143997576384148,OVER,2019,2019-05-18
9,SF,100,0.0,8.5,18,OVER,ARI,5,13.0,3.0,3.0,9.30919352534835,OVER,2019,2019-05-18
10,NYM,-100,0.0,7.5,18,UNDER,MIA,5,2.0,1.0,1.0,8.230627490505688,OVER,2019,2019-05-18
11,STL,-100,0.0,12.5,18,UNDER,TEX,5,10.0,12.0,12.0,10.958918062887216,OVER,2019,2019-05-18
0,TEX,-100,6.5,9.5,24,OVER,OAK,4,11.0,9.5,3.0,9.232922954734633,UNDER,2019,2019-04-24
1,MIL,-100,6.0,8.5,24,UNDER,STL,4,7.0,5.0,11.0,10.085905380782377,OVER,2019,2019-04-24
2,LAD,100,5.5,8.0,24,OVER,CHC,4,13.0,2.5,8.0,9.635765813740957,OVER,2019,2019-04-24
3,ATL,100,4.5,9.5,24,UNDER,CIN,4,4.0,9.5,5.0,9.425439582698512,UNDER,2019,2019-04-24
4,NYY,-100,4.0,8.5,24,OVER,LAA,4,11.0,5.0,1.0,8.488372133095554,UNDER,2019,2019-04-24
5,CWS,100,3.5,9.5,24,UNDER,BAL,4,7.0,9.5,6.0,9.503483568056666,UNDER,2019,2019-04-24
6,MIA,-100,3.0,9.0,24,UNDER,CLE,4,8.0,7.0,10.0,9.863962466813355,OVER,2019,2019-04-24
7,KC,100,3.0,7.0,24,OVER,TB,4,12.0,1.0,4.0,9.39055319166772,OVER,2019,2019-04-24
8,SEA,-100,2.0,8.5,24,UNDER,SD,4,1.0,5.0,7.0,9.525422535735935,OVER,2019,2019-04-24
9,ARI,-100,0.5,8.0,24,OVER,PIT,4,13.0,2.5,2.0,9.150006116576082,UNDER,2019,2019-04-24
10,DET,-100,0.5,9.5,24,OVER,BOS,4,15.0,9.5,9.0,9.65089591237575,UNDER,2019,2019-04-24
11,WSH,100,0.0,10.5,24,OVER,COL,4,14.0,12.0,12.0,10.589398923696944,OVER,2019,2019-04-24
0,CLE,-100,4.5,7.0,10,UNDER,DET,4,5.0,1.5,6.0,9.401656441779124,OVER,2019,2019-04-10
1,NYY,-100,2.5,8.0,10,OVER,HOU,4,14.0,4.5,2.0,8.960525368259372,UNDER,2019,2019-04-10
2,SD,100,1.5,8.0,10,UNDER,SF,4,4.0,4.5,3.0,9.086082296856038,UNDER,2019,2019-04-10
3,MIL,-100,0.5,8.0,10,UNDER,LAA,4,6.0,4.5,5.0,9.401473819070157,OVER,2019,2019-04-10
4,TEX,100,0.5,8.0,10,UNDER,ARI,4,7.0,4.5,4.0,9.165109676563887,UNDER,2019,2019-04-10
5,MIN,-100,0.5,7.0,10,OVER,NYM,4,15.0,1.5,1.0,8.791131917080483,UNDER,2019,2019-04-10
6,TB,100,0.0,8.5,10,OVER,CWS,4,10.0,7.0,7.0,9.845235208666793,OVER,2019,2019-04-10
0,TOR,100,6.5,8.0,9,OVER,BOS,4,12.0,2.5,9.0,11.186068447140276,OVER,2019,2019-04-09
1,OAK,-100,4.0,9.5,9,OVER,BAL,4,15.0,8.0,4.0,10.28808645587424,UNDER,2019,2019-04-09
2,MIL,-100,3.0,8.5,9,OVER,LAA,4,19.0,5.0,2.0,9.696748952627877,UNDER,2019,2019-04-09
3,ATL,100,3.0,10.5,9,UNDER,COL,4,8.0,9.0,6.0,10.958082365006511,UNDER,2019,2019-04-09
4,WSH,100,2.5,8.0,9,OVER,PHI,4,16.0,2.5,5.0,10.893750422916758,OVER,2019,2019-04-09
5,MIA,100,2.0,8.5,9,OVER,CIN,4,14.0,5.0,7.0,10.958856923880779,OVER,2019,2019-04-09
6,TEX,-100,2.0,8.5,9,OVER,ARI,4,9.0,5.0,3.0,9.712088103711393,UNDER,2019,2019-04-09
7,SEA,0,1.0,9.0,9,PUSH,KC,4,9.0,7.0,8.0,11.182880963821475,OVER,2019,2019-04-09
8,SD,100,0.0,7.5,9,OVER,SF,4,9.0,1.0,1.0,9.307339081042734,OVER,2019,2019-04-09
0,CWS,100,3.0,9.0,20,UNDER,HOU,5,3.0,5.0,2.0,8.547763406847437,UNDER,2019,2019-05-20
1,OAK,100,3.0,8.0,20,OVER,CLE,5,10.0,2.0,5.0,10.415877203658633,OVER,2019,2019-05-20
2,PHI,100,2.5,8.5,20,OVER,CHC,5,9.0,3.5,6.0,10.467635954602097,OVER,2019,2019-05-20
3,WSH,100,2.5,8.5,20,UNDER,NYM,5,8.0,3.5,1.0,8.113002146564227,UNDER,2019,2019-05-20
4,NYY,-100,2.0,9.5,20,OVER,BAL,5,17.0,6.0,4.0,10.054265408725497,UNDER,2019,2019-05-20
5,ARI,-100,2.0,6.5,20,UNDER,SD,5,3.0,1.0,3.0,9.56583679265156,OVER,2019,2019-05-20
6,SEA,100,0.0,11.0,20,OVER,TEX,5,19.0,7.0,7.0,10.492747720683855,OVER,2019,2019-05-20
0,MIN,-100,11.0,9.5,23,OVER,HOU,4,14.0,12.0,1.0,8.528491398255085,UNDER,2019,2019-04-23
1,MIA,-100,10.5,7.5,23,UNDER,CLE,4,4.0,1.5,12.0,10.536816296808794,OVER,2019,2019-04-23
2,DET,-100,8.5,7.5,23,UNDER,BOS,4,6.0,1.5,10.0,10.097241167386963,OVER,2019,2019-04-23
3,PHI,-100,6.0,8.5,23,OVER,NYM,4,9.0,8.0,2.0,8.710576088950923,UNDER,2019,2019-04-23
4,NYY,-100,5.0,8.5,23,OVER,LAA,4,12.0,8.0,3.0,9.02082407296052,UNDER,2019,2019-04-23
5,SF,-100,4.0,8.5,23,OVER,TOR,4,13.0,8.0,4.0,9.103774412013113,UNDER,2019,2019-04-23
6,TEX,100,3.5,8.0,23,OVER,OAK,4,16.0,4.5,8.0,9.879675825110619,OVER,2019,2019-04-23
7,ATL,-100,3.0,9.5,23,OVER,CIN,4,13.0,12.0,9.0,9.91374916576249,UNDER,2019,2019-04-23
8,LAD,100,2.5,8.0,23,OVER,CHC,4,9.0,4.5,7.0,9.630683734265283,OVER,2019,2019-04-23
9,ARI,-100,1.5,8.0,23,UNDER,PIT,4,3.0,4.5,6.0,9.367016526837773,OVER,2019,2019-04-23
10,DET,-100,1.0,9.0,23,UNDER,BOS,4,6.0,10.0,11.0,10.154518706886812,OVER,2019,2019-04-23
11,CWS,100,1.0,9.5,23,OVER,BAL,4,10.0,12.0,13.0,10.593253935811813,OVER,2019,2019-04-23
12,SEA,100,0.5,8.0,23,OVER,SD,4,9.0,4.5,5.0,9.28681629047565,OVER,2019,2019-04-23
0,CWS,100,3.5,9.0,18,OVER,DET,4,16.0,1.5,5.0,10.223600489358152,OVER,2019,2019-04-18
1,PHI,100,3.0,11.0,18,UNDER,COL,4,8.0,5.0,2.0,9.822722662921654,UNDER,2019,2019-04-18
2,LAD,100,2.0,9.5,18,UNDER,MIL,4,4.0,3.0,1.0,9.20843374014229,UNDER,2019,2019-04-18
3,KC,-100,1.5,9.0,18,UNDER,NYY,4,7.0,1.5,3.0,10.060653036219225,OVER,2019,2019-04-18
4,SEA,100,0.0,10.0,18,OVER,LAA,4,21.0,4.0,4.0,10.159888129090225,OVER,2019,2019-04-18
0,MIN,-100,6.0,9.5,16,OVER,SEA,5,17.0,7.0,1.0,9.128092841517569,UNDER,2019,2019-05-16
1,BAL,100,5.0,9.0,16,OVER,CLE,5,21.0,5.0,10.0,10.777001165111884,OVER,2019,2019-05-16
2,CHC,-100,5.0,8.0,16,UNDER,CIN,5,6.0,2.0,7.0,10.129989945408107,OVER,2019,2019-05-16
3,STL,-100,4.5,10.0,16,OVER,ATL,5,12.0,8.5,4.0,9.932246700474707,UNDER,2019,2019-05-16
4,OAK,100,3.0,8.5,16,OVER,DET,5,20.0,3.0,6.0,10.129748188001779,OVER,2019,2019-05-16
5,MIL,-100,3.0,9.0,16,OVER,PHI,5,14.0,5.0,2.0,9.218263057652347,UNDER,2019,2019-05-16
6,PIT,-100,2.0,7.5,16,UNDER,SD,5,7.0,1.0,3.0,9.787535388482414,OVER,2019,2019-05-16
7,TEX,-100,2.0,10.5,16,OVER,KC,5,17.0,10.0,8.0,10.2939988594306,UNDER,2019,2019-05-16
8,TOR,-100,0.5,10.0,16,UNDER,CWS,5,6.0,8.5,9.0,10.300494930079175,OVER,2019,2019-05-16
9,NYM,100,0.0,9.0,16,OVER,WSH,5,13.0,5.0,5.0,10.127420423437815,OVER,2019,2019-05-16
0,MIN,100,8.0,7.5,3,OVER,NYY,5,9.0,2.0,10.0,10.148688753777467,OVER,2019,2019-05-03
1,TB,100,7.0,9.5,3,UNDER,BAL,5,7.0,10.0,3.0,9.322410975968108,UNDER,2019,2019-05-03
2,WSH,100,6.0,9.5,3,UNDER,PHI,5,6.0,10.0,4.0,9.376065013669256,UNDER,2019,2019-05-03
3,ARI,-100,6.0,11.0,3,OVER,COL,5,19.0,12.0,6.0,9.559817485660387,UNDER,2019,2019-05-03
4,BOS,-100,4.0,8.0,3,UNDER,CWS,5,7.0,5.0,9.0,10.086462841134967,OVER,2019,2019-05-03
5,ATL,-100,4.0,8.0,3,OVER,MIA,5,9.0,5.0,1.0,7.9861384509367825,UNDER,2019,2019-05-03
6,SEA,-100,3.5,8.5,3,UNDER,CLE,5,3.0,7.5,11.0,10.460808036101794,OVER,2019,2019-05-03
7,STL,-100,3.0,7.5,3,UNDER,CHC,5,4.0,2.0,5.0,9.558210080087514,OVER,2019,2019-05-03
8,TOR,-100,2.0,9.5,3,UNDER,TEX,5,1.0,10.0,12.0,11.256332654478712,OVER,2019,2019-05-03
9,OAK,100,2.0,8.0,3,OVER,PIT,5,15.0,5.0,7.0,9.634793126884848,OVER,2019,2019-05-03
10,KC,-100,0.5,8.5,3,UNDER,DET,5,7.0,7.5,8.0,9.863825004167477,OVER,2019,2019-05-03
11,LAD,-100,0.0,7.5,3,UNDER,SD,5,7.0,2.0,2.0,8.515163412577778,OVER,2019,2019-05-03
0,LAD,100,9.0,10.0,17,UNDER,CIN,5,6.0,14.0,5.0,10.023448557751859,UNDER,2019,2019-05-17
1,TOR,100,5.5,9.0,17,OVER,CWS,5,12.0,6.5,12.0,10.54847815071248,OVER,2019,2019-05-17
2,TB,100,5.5,9.5,17,UNDER,NYY,5,7.0,11.5,6.0,10.091162088896004,UNDER,2019,2019-05-17
3,PIT,100,5.0,7.0,17,OVER,SD,5,8.0,2.0,7.0,10.115240405919042,OVER,2019,2019-05-17
4,OAK,0,4.5,9.0,17,PUSH,DET,5,9.0,6.5,11.0,10.429013404041259,OVER,2019,2019-05-17
5,SF,100,4.5,9.0,17,UNDER,ARI,5,7.0,6.5,2.0,9.669490413913513,UNDER,2019,2019-05-17
6,MIN,100,3.5,9.0,17,UNDER,SEA,5,8.0,6.5,3.0,9.820196882009123,UNDER,2019,2019-05-17
7,HOU,-100,3.5,9.5,17,UNDER,BOS,5,4.0,11.5,15.0,12.135980379990427,OVER,2019,2019-05-17
8,BAL,-100,3.5,9.0,17,UNDER,CLE,5,6.0,6.5,10.0,10.329213271343798,OVER,2019,2019-05-17
9,MIL,-100,2.5,9.5,17,OVER,ATL,5,20.0,11.5,9.0,10.27760647567704,UNDER,2019,2019-05-17
10,COL,0,1.5,9.0,17,PUSH,PHI,5,9.0,6.5,8.0,10.179646096491917,OVER,2019,2019-05-17
11,KC,-100,1.5,9.5,17,UNDER,LAA,5,7.0,11.5,13.0,10.818246173458938,OVER,2019,2019-05-17
12,CHC,100,1.0,8.0,17,OVER,WSH,5,20.0,3.0,4.0,10.017048843696687,OVER,2019,2019-05-17
13,STL,100,1.0,11.5,17,UNDER,TEX,5,10.0,15.0,14.0,11.038862438972457,UNDER,2019,2019-05-17
14,NYM,100,0.0,6.5,17,OVER,MIA,5,14.0,1.0,1.0,8.708477206298454,OVER,2019,2019-05-17
0,LAD,100,7.5,9.0,20,UNDER,MIL,4,5.0,9.5,2.0,8.634064693579216,UNDER,2019,2019-04-20
1,SF,-100,6.5,7.0,20,UNDER,PIT,4,4.0,2.5,9.0,10.1242404887722,OVER,2019,2019-04-20
2,CIN,-100,5.5,7.0,20,UNDER,SD,4,6.0,2.5,8.0,10.094268960521363,OVER,2019,2019-04-20
3,MIN,-100,5.0,10.0,20,OVER,BAL,4,23.0,12.0,7.0,9.900018221731493,UNDER,2019,2019-04-20
4,TOR,-100,3.5,8.0,20,OVER,OAK,4,11.0,6.5,3.0,9.31317267868566,UNDER,2019,2019-04-20
5,HOU,100,2.0,9.5,20,OVER,TEX,4,13.0,11.0,13.0,10.4513079311867,OVER,2019,2019-04-20
6,ATL,100,2.0,8.5,20,OVER,CLE,4,12.0,8.0,10.0,10.198863251527124,OVER,2019,2019-04-20
7,SEA,100,1.5,9.0,20,OVER,LAA,4,11.0,9.5,11.0,10.295207800938831,OVER,2019,2019-04-20
8,ARI,-100,1.5,7.0,20,UNDER,CHC,4,6.0,2.5,4.0,9.639969473396137,OVER,2019,2019-04-20
9,BOS,-100,1.5,8.0,20,OVER,TB,4,11.0,6.5,5.0,9.73973195637258,UNDER,2019,2019-04-20
10,WSH,-100,1.5,7.0,20,OVER,MIA,4,12.0,2.5,1.0,8.508562341328306,UNDER,2019,2019-04-20
11,ATL,100,1.0,7.5,20,OVER,CLE,4,15.0,5.0,6.0,9.853457664127873,OVER,2019,2019-04-20
12,PHI,-100,1.0,10.5,20,OVER,COL,4,13.0,13.0,12.0,10.419109571694571,UNDER,2019,2019-04-20
0,STL,100,3.0,8.5,29,OVER,WSH,4,9.0,4.0,7.0,10.266921775483953,OVER,2019,2019-04-29
1,COL,100,3.0,9.0,29,UNDER,MIL,4,6.0,7.0,4.0,9.461629857628347,UNDER,2019,2019-04-29
2,HOU,100,1.0,8.5,29,UNDER,MIN,4,1.0,4.0,3.0,9.423874503311428,UNDER,2019,2019-04-29
3,OAK,100,1.0,9.0,29,OVER,BOS,4,13.0,7.0,8.0,10.457393800002832,OVER,2019,2019-04-29
4,SD,100,1.0,9.0,29,UNDER,ATL,4,4.0,7.0,6.0,9.889564841222466,UNDER,2019,2019-04-29
5,BAL,-100,1.0,8.5,29,UNDER,CWS,4,8.0,4.0,5.0,9.795848265530843,OVER,2019,2019-04-29
6,CIN,-100,0.5,7.5,29,OVER,NYM,4,9.0,1.5,1.0,8.713738116316456,UNDER,2019,2019-04-29
7,LAD,-100,0.5,7.5,29,UNDER,SF,4,5.0,1.5,2.0,9.097004896000096,OVER,2019,2019-04-29
0,TB,-100,4.0,7.5,8,UNDER,CWS,4,6.0,2.0,6.0,10.195587822032943,OVER,2019,2019-04-08
1,MIL,100,3.0,9.0,8,UNDER,LAA,4,7.0,6.0,3.0,9.295924405549346,UNDER,2019,2019-04-08
2,SD,100,3.0,7.0,8,OVER,SF,4,11.0,1.0,4.0,9.453221349282504,OVER,2019,2019-04-08
3,NYY,100,2.5,8.0,8,UNDER,HOU,4,7.0,3.5,1.0,8.589048522244411,UNDER,2019,2019-04-08
4,LAD,100,1.5,8.0,8,UNDER,STL,4,7.0,3.5,2.0,8.934772983702992,UNDER,2019,2019-04-08
5,ATL,100,0.0,11.0,8,OVER,COL,4,14.0,7.0,7.0,10.274260949857037,OVER,2019,2019-04-08
6,PIT,100,0.0,8.5,8,OVER,CHC,4,10.0,5.0,5.0,10.16153610439862,OVER,2019,2019-04-08
0,NYY,-100,0.5,9.0,7,OVER,BAL,4,18.0,3.5,3.0,9.412768495214511,UNDER,2019,2019-04-07
1,MIN,-100,0.5,8.5,7,UNDER,PHI,4,3.0,1.5,2.0,9.379156059211633,OVER,2019,2019-04-07
2,KC,-100,0.5,9.0,7,UNDER,DET,4,4.0,3.5,4.0,9.508279970969415,OVER,2019,2019-04-07
3,OAK,-100,0.5,8.5,7,OVER,HOU,4,17.0,1.5,1.0,8.966812458540709,UNDER,2019,2019-04-07
0,OAK,0,5.0,4444.0,21,PUSH,CLE,5,4444.0,6.0,11.0,10.35801146659245,OVER,2019,2019-05-21
1,CWS,0,5.0,4444.0,21,PUSH,HOU,5,4444.0,6.0,1.0,8.630818656288103,UNDER,2019,2019-05-21
2,LAD,0,4.0,4444.0,21,PUSH,TB,5,4444.0,6.0,2.0,8.828670586516479,UNDER,2019,2019-05-21
3,PHI,0,4.0,4444.0,21,PUSH,CHC,5,4444.0,6.0,10.0,10.11340022440231,OVER,2019,2019-05-21
4,MIA,0,3.0,4444.0,21,PUSH,DET,5,4444.0,6.0,9.0,9.966989999415182,OVER,2019,2019-05-21
5,CIN,0,3.0,4444.0,21,PUSH,MIL,5,4444.0,6.0,3.0,9.377900860082317,UNDER,2019,2019-05-21
6,BOS,0,2.0,4444.0,21,PUSH,TOR,5,4444.0,6.0,4.0,9.464493708885037,UNDER,2019,2019-05-21
7,NYY,0,2.0,4444.0,21,PUSH,BAL,5,4444.0,6.0,8.0,9.804622477027456,OVER,2019,2019-05-21
8,MIN,0,1.0,4444.0,21,PUSH,LAA,5,4444.0,6.0,5.0,9.531491941057514,UNDER,2019,2019-05-21
9,ARI,0,1.0,4444.0,21,PUSH,SD,5,4444.0,6.0,7.0,9.790690241306294,OVER,2019,2019-05-21
10,COL,0,0.0,4444.0,21,PUSH,PIT,5,4444.0,6.0,6.0,9.764830552109867,OVER,2019,2019-05-21
